timestamp_ms,v_theoretical,v_actual,abs_error,pct_error
0.000000,0.024876,0.000000,0.024876,100.000000
51.000000,0.049627,0.014700,0.034927,70.379317
102.000000,0.074256,0.034200,0.040056,53.943242
152.000000,0.098762,0.053800,0.044962,45.525823
203.000000,0.123147,0.073300,0.049847,40.477475
253.000000,0.147410,0.088000,0.059410,40.302400
305.000000,0.171552,0.107500,0.064052,37.336730
355.000000,0.195574,0.127100,0.068474,35.011805
406.000000,0.219477,0.141700,0.077777,35.437308
457.000000,0.243260,0.161300,0.081960,33.692426
507.000000,0.266926,0.176000,0.090926,34.064041
559.000000,0.290473,0.195500,0.094973,32.696052
609.000000,0.313904,0.215100,0.098804,31.475818
660.000000,0.337218,0.229700,0.107518,31.883764
710.000000,0.360416,0.244400,0.116016,32.189398
761.000000,0.383498,0.263900,0.119598,31.186104
811.000000,0.406466,0.283500,0.122966,30.252434
863.000000,0.429319,0.298100,0.131219,30.564485
913.000000,0.452059,0.312800,0.139259,30.805478
964.000000,0.474685,0.332400,0.142285,29.974685
1014.000000,0.497199,0.347000,0.150199,30.209099
1065.000000,0.519601,0.361700,0.157901,30.388958
1117.000000,0.541892,0.381200,0.160692,29.653881
1167.000000,0.564072,0.395900,0.168172,29.813882
1218.000000,0.586141,0.410600,0.175541,29.948590
1268.000000,0.608100,0.430100,0.178000,29.271554
1319.000000,0.629951,0.444800,0.185151,29.391299
1370.000000,0.651692,0.459400,0.192292,29.506602
1421.000000,0.673326,0.479000,0.194326,28.860570
1472.000000,0.694851,0.493600,0.201251,28.963223
1522.000000,0.716270,0.508300,0.207970,29.035140
1573.000000,0.737582,0.523000,0.214582,29.092638
1623.000000,0.758788,0.542500,0.216288,28.504418
1675.000000,0.779889,0.557200,0.222689,28.553908
1725.000000,0.800884,0.571800,0.229084,28.603918
1776.000000,0.821775,0.586500,0.235275,28.630135
1827.000000,0.842563,0.601200,0.241363,28.646251
1877.000000,0.863246,0.615800,0.247446,28.664628
1929.000000,0.883827,0.635400,0.248427,28.108121
1979.000000,0.904306,0.650000,0.254306,28.121652
2030.000000,0.924682,0.664700,0.259982,28.115850
2080.000000,0.944957,0.679400,0.265557,28.102586
2131.000000,0.965132,0.694000,0.271132,28.092726
2183.000000,0.985206,0.708700,0.276506,28.065792
2233.000000,1.005180,0.723400,0.281780,28.032784
2284.000000,1.025055,0.738000,0.287055,28.003838
2334.000000,1.044830,0.752700,0.292130,27.959606
2385.000000,1.064508,0.767400,0.297108,27.910355
2435.000000,1.084088,0.782000,0.302088,27.865602
2487.000000,1.103570,0.796700,0.306870,27.807004
2538.000000,1.122955,0.811300,0.311655,27.753108
2588.000000,1.142244,0.826000,0.316244,27.686183
2639.000000,1.161436,0.840700,0.320736,27.615499
2689.000000,1.180534,0.855300,0.325234,27.549725
2741.000000,1.199536,0.870000,0.329536,27.471964
2791.000000,1.218444,0.884700,0.333744,27.390995
2842.000000,1.237258,0.894400,0.342858,27.711094
2893.000000,1.255978,0.909100,0.346878,27.618144
2943.000000,1.274605,0.923800,0.350805,27.522628
2995.000000,1.293139,0.938400,0.354739,27.432396
3045.000000,1.311581,0.953100,0.358481,27.331982
3096.000000,1.329931,0.967700,0.362231,27.236852
3147.000000,1.348191,0.982400,0.365791,27.131960
3197.000000,1.366359,0.997100,0.369259,27.025020
3249.000000,1.384437,1.006800,0.377637,27.277273
3299.000000,1.402424,1.021500,0.380924,27.161849
3350.000000,1.420323,1.036200,0.384123,27.044753
3400.000000,1.438132,1.045900,0.392232,27.273720
3451.000000,1.455853,1.060600,0.395253,27.149232
3503.000000,1.473485,1.075300,0.398185,27.023371
3553.000000,1.491030,1.085000,0.406030,27.231525
3604.000000,1.508488,1.099700,0.408788,27.099181
3654.000000,1.525859,1.114400,0.411459,26.965708
3705.000000,1.543143,1.124100,0.419043,27.155156
3755.000000,1.560341,1.138800,0.421541,27.015960
3807.000000,1.577454,1.153500,0.423954,26.875833
3858.000000,1.594481,1.163200,0.431281,27.048383
3908.000000,1.611424,1.177900,0.433524,26.903177
3959.000000,1.628283,1.192600,0.435683,26.757200
4009.000000,1.645058,1.202300,0.442758,26.914415
4061.000000,1.661749,1.217000,0.444749,26.763905
4112.000000,1.678357,1.226800,0.451557,26.904710
4162.000000,1.694883,1.241400,0.453483,26.755993
4213.000000,1.711326,1.256100,0.455226,26.600779
4263.000000,1.727688,1.265900,0.461788,26.728653
4315.000000,1.743968,1.280500,0.463468,26.575479
4365.000000,1.760167,1.290300,0.469867,26.694454
4416.000000,1.776286,1.305000,0.471286,26.532081
4467.000000,1.792324,1.314800,0.477524,26.642724
4517.000000,1.808282,1.329400,0.478882,26.482726
4568.000000,1.824162,1.339200,0.484962,26.585455
4619.000000,1.839962,1.353900,0.486062,26.416953
4670.000000,1.855683,1.363600,0.492083,26.517640
4721.000000,1.871327,1.373400,0.497927,26.608223
4771.000000,1.886892,1.388100,0.498792,26.434595
4822.000000,1.902380,1.397800,0.504580,26.523635
4873.000000,1.917791,1.412500,0.505291,26.347572
4924.000000,1.933126,1.422300,0.510826,26.424863
4974.000000,1.948384,1.437000,0.511384,26.246570
5025.000000,1.963566,1.446700,0.516866,26.322827
5076.000000,1.978673,1.456500,0.522173,26.390051
5127.000000,1.993704,1.471200,0.522504,26.207711
5178.000000,2.008661,1.480900,0.527761,26.274267
5228.000000,2.023543,1.490700,0.532843,26.332189
5279.000000,2.038351,1.505400,0.532951,26.146200
5330.000000,2.053086,1.515200,0.537886,26.198903
5381.000000,2.067747,1.529800,0.537947,26.016104
5432.000000,2.082336,1.539600,0.542736,26.063791
5482.000000,2.096851,1.549400,0.547451,26.108258
5533.000000,2.111295,1.559100,0.552195,26.154323
5584.000000,2.125667,1.573800,0.551867,25.962047
5634.000000,2.139967,1.583600,0.556367,25.998849
5686.000000,2.154196,1.593400,0.560796,26.032720
5736.000000,2.168354,1.603100,0.565254,26.068344
5787.000000,2.182442,1.612900,0.569542,26.096539
5837.000000,2.196459,1.622700,0.573759,26.122015
5888.000000,2.210407,1.637300,0.573107,25.927683
5940.000000,2.224286,1.647100,0.577186,25.949271
5990.000000,2.238096,1.656900,0.581196,25.968307
6041.000000,2.251836,1.666700,0.585136,25.984852
6091.000000,2.265509,1.676400,0.589109,26.003377
6142.000000,2.279113,1.686200,0.592913,26.015084
6194.000000,2.292650,1.700900,0.591750,25.810742
6244.000000,2.306119,1.710700,0.595419,25.819105
6295.000000,2.319522,1.720400,0.599122,25.829538
6345.000000,2.332857,1.730200,0.602657,25.833446
6396.000000,2.346127,1.740000,0.606127,25.835212
6447.000000,2.359330,1.749800,0.609530,25.834883
6498.000000,2.372468,1.759500,0.612968,25.836719
6549.000000,2.385540,1.769300,0.616240,25.832311
6599.000000,2.398547,1.779100,0.619447,25.825940
6650.000000,2.411490,1.788900,0.622590,25.817647
6700.000000,2.424368,1.798600,0.625768,25.811597
6752.000000,2.437182,1.808400,0.628782,25.799557
6803.000000,2.449933,1.818200,0.631733,25.785712
6853.000000,2.462619,1.828000,0.634619,25.770098
6904.000000,2.475243,1.837700,0.637543,25.756791
6954.000000,2.487804,1.847500,0.640304,25.737725
7006.000000,2.500303,1.857300,0.643003,25.716994
7056.000000,2.512739,1.867100,0.645639,25.694631
7107.000000,2.525113,1.876800,0.648313,25.674626
7158.000000,2.537426,1.886600,0.650826,25.649072
7208.000000,2.549678,1.896400,0.653278,25.621978
7260.000000,2.561869,1.906200,0.655669,25.593373
7310.000000,2.573999,1.915900,0.658099,25.567170
7361.000000,2.586068,1.925700,0.660368,25.535608
7412.000000,2.598078,1.930600,0.667478,25.691218
7462.000000,2.610028,1.940400,0.669628,25.655962
7514.000000,2.621918,1.950100,0.671818,25.623154
7564.000000,2.633749,1.959900,0.673849,25.585175
7615.000000,2.645522,1.969700,0.675822,25.545878
7665.000000,2.657236,1.979500,0.677736,25.505288
7716.000000,2.668891,1.989200,0.679691,25.467174
7767.000000,2.680489,1.994100,0.686389,25.606849
7818.000000,2.692029,2.003900,0.688129,25.561711
7869.000000,2.703511,2.013700,0.689811,25.515376
7919.000000,2.714936,2.023500,0.691436,25.467865
7970.000000,2.726305,2.028300,0.698005,25.602596
8021.000000,2.737617,2.038100,0.699517,25.552032
8072.000000,2.748872,2.047900,0.700972,25.500360
8123.000000,2.760072,2.052800,0.707272,25.625128
8173.000000,2.771216,2.062600,0.708616,25.570577
8224.000000,2.782304,2.072300,0.710004,25.518573
8274.000000,2.793338,2.077200,0.716138,25.637348
8326.000000,2.804316,2.087000,0.717316,25.579003
8377.000000,2.815240,2.096800,0.718440,25.519669
8427.000000,2.826109,2.101700,0.724409,25.632744
8478.000000,2.836925,2.111400,0.725525,25.574339
8528.000000,2.847686,2.121200,0.726486,25.511459
8579.000000,2.858394,2.131000,0.727394,25.447655
8631.000000,2.869049,2.135900,0.733149,25.553731
8681.000000,2.879651,2.145700,0.733951,25.487494
8732.000000,2.890200,2.150500,0.739700,25.593380
8782.000000,2.900696,2.160300,0.740396,25.524780
8833.000000,2.911141,2.170100,0.741041,25.455337
8884.000000,2.921533,2.175000,0.746533,25.552783
8935.000000,2.931874,2.184800,0.747074,25.481099
8986.000000,2.942163,2.189600,0.752563,25.578558
9036.000000,2.952401,2.199400,0.753001,25.504695
9087.000000,2.962588,2.204300,0.758288,25.595456
9138.000000,2.972724,2.214100,0.758624,25.519496
9189.000000,2.982810,2.219000,0.763810,25.607067
9240.000000,2.992846,2.223900,0.768946,25.692801
9290.000000,3.002832,2.233600,0.769232,25.616880
9341.000000,3.012768,2.238500,0.774268,25.699555
9392.000000,3.022655,2.248300,0.774355,25.618364
9443.000000,3.032492,2.253200,0.779292,25.698078
9493.000000,3.042281,2.263000,0.779281,25.615019
9544.000000,3.052021,2.267800,0.784221,25.695131
9595.000000,3.061712,2.277600,0.784112,25.610251
9645.000000,3.071355,2.282500,0.788855,25.684276
9697.000000,3.080951,2.287400,0.793551,25.756681
9747.000000,3.090498,2.297200,0.793298,25.668941
9798.000000,3.099998,2.302100,0.797898,25.738665
9849.000000,3.109451,2.311800,0.797651,25.652468
9899.000000,3.118857,2.316700,0.802157,25.719573
9951.000000,3.128216,2.321600,0.806616,25.785165
10001.000000,3.137528,2.331400,0.806128,25.693091
10052.000000,3.146794,2.336300,0.810494,25.756181
10103.000000,3.156014,2.341200,0.814814,25.817816
10153.000000,3.165188,2.350900,0.814288,25.726369
10205.000000,3.174316,2.355800,0.818516,25.785594
10255.000000,3.183399,2.360700,0.822699,25.843422
10306.000000,3.192437,2.365600,0.826837,25.899873
10357.000000,3.201430,2.370500,0.830930,25.954964
10407.000000,3.210378,2.380300,0.830078,25.856086
10459.000000,3.219282,2.385100,0.834182,25.912044
10510.000000,3.228141,2.390000,0.838141,25.963581
10560.000000,3.236956,2.394900,0.842056,26.013828
10611.000000,3.245728,2.404700,0.841028,25.911835
10661.000000,3.254455,2.409600,0.844855,25.959960
10712.000000,3.263140,2.414500,0.848640,26.006843
10764.000000,3.271781,2.419400,0.852381,26.052501
10814.000000,3.280379,2.429100,0.851279,25.950625
10865.000000,3.288934,2.434000,0.854934,25.994261
10916.000000,3.297447,2.438900,0.858547,26.036717
10966.000000,3.305917,2.443800,0.862117,26.078006
11018.000000,3.314346,2.448700,0.865646,26.118145
11068.000000,3.322732,2.453600,0.869132,26.157149
11119.000000,3.331077,2.458500,0.872577,26.195031
11170.000000,3.339380,2.463300,0.876080,26.234802
11220.000000,3.347641,2.468200,0.879441,26.270479
11272.000000,3.355862,2.473100,0.882762,26.305077
11323.000000,3.364042,2.478000,0.886042,26.338611
11373.000000,3.372181,2.482900,0.889281,26.371094
11424.000000,3.380280,2.487800,0.892480,26.402538
11474.000000,3.388338,2.492700,0.895638,26.432958
11526.000000,3.396356,2.497600,0.898756,26.462365
11577.000000,3.404334,2.502400,0.901934,26.493709
11627.000000,3.412273,2.507300,0.904973,26.521122
11678.000000,3.420172,2.512200,0.907972,26.547559
11729.000000,3.428032,2.517100,0.910932,26.573033
11779.000000,3.435853,2.522000,0.913853,26.597554
11831.000000,3.443635,2.531800,0.911835,26.478844
11881.000000,3.451378,2.531800,0.919578,26.643788
11932.000000,3.459082,2.536700,0.922382,26.665522
11983.000000,3.466749,2.541500,0.925249,26.689233
12033.000000,3.474377,2.546400,0.927977,26.709157
12085.000000,3.481967,2.551300,0.930667,26.728195
12136.000000,3.489519,2.556200,0.933319,26.746357
12186.000000,3.497034,2.561100,0.935934,26.763654
12237.000000,3.504512,2.566000,0.938512,26.780096
12287.000000,3.511952,2.566000,0.945952,26.935216
12339.000000,3.519355,2.570900,0.948455,26.949683
12390.000000,3.526721,2.575800,0.950921,26.963327
12440.000000,3.534051,2.580600,0.953451,26.978986
12491.000000,3.541344,2.580600,0.960744,27.129370
12542.000000,3.548601,2.585500,0.963101,27.140310
12593.000000,3.555822,2.590400,0.965422,27.150466
12644.000000,3.563007,2.595300,0.967707,27.159846
12694.000000,3.570157,2.600200,0.969957,27.168459
12745.000000,3.577270,2.600200,0.977070,27.313290
12796.000000,3.584348,2.605100,0.979248,27.320124
12847.000000,3.591391,2.610000,0.981391,27.326218
12898.000000,3.598399,2.614900,0.983499,27.331581
12949.000000,3.605373,2.614900,0.990473,27.472129
12999.000000,3.612311,2.619700,0.992611,27.478560
13050.000000,3.619215,2.624600,0.994615,27.481511
13100.000000,3.626085,2.629500,0.996585,27.483765
13152.000000,3.632920,2.629500,1.003420,27.620205
13203.000000,3.639721,2.634400,1.005321,27.620833
13253.000000,3.646489,2.639300,1.007189,27.620786
13304.000000,3.653223,2.639300,1.013923,27.754201
13355.000000,3.659923,2.644200,1.015723,27.752582
13406.000000,3.666590,2.644200,1.022390,27.883951
13457.000000,3.673224,2.649100,1.024124,27.880795
13508.000000,3.679825,2.649100,1.030725,28.010163
13558.000000,3.686393,2.654000,1.032393,28.005506
13609.000000,3.692928,2.654000,1.038928,28.132914
13660.000000,3.699431,2.658800,1.040631,28.129492
13711.000000,3.705902,2.658800,1.047102,28.254978
13762.000000,3.712340,2.663700,1.048640,28.247413
13812.000000,3.718746,2.668600,1.050146,28.239256
13863.000000,3.725121,2.668600,1.056521,28.362052
13915.000000,3.731463,2.673500,1.057963,28.352505
13965.000000,3.737774,2.673500,1.064274,28.473480
14016.000000,3.744054,2.678400,1.065654,28.462574
14066.000000,3.750303,2.678400,1.071903,28.581765
14117.000000,3.756520,2.683300,1.073220,28.569529
14168.000000,3.762707,2.683300,1.079407,28.686971
14219.000000,3.768862,2.688200,1.080662,28.673434
14270.000000,3.774987,2.688200,1.086787,28.789165
14321.000000,3.781082,2.693100,1.087982,28.774354
14371.000000,3.787146,2.693100,1.094046,28.888406
14422.000000,3.793180,2.693100,1.100080,29.001529
14473.000000,3.799184,2.697900,1.101284,28.987389
14524.000000,3.805159,2.697900,1.107259,29.098881
14575.000000,3.811103,2.697900,1.113203,29.209471
14625.000000,3.817018,2.702800,1.114218,29.190797
14676.000000,3.822903,2.702800,1.120103,29.299810
14728.000000,3.828760,2.702800,1.125960,29.407948
14778.000000,3.834587,2.707700,1.126887,29.387436
14829.000000,3.840385,2.707700,1.132685,29.494044
14879.000000,3.846154,2.707700,1.138454,29.599803
14930.000000,3.851895,2.712600,1.139295,29.577511
14982.000000,3.857606,2.712600,1.145006,29.681786
15032.000000,3.863290,2.712600,1.150690,29.785236
15083.000000,3.868945,2.717500,1.151445,29.761220
15134.000000,3.874572,2.717500,1.157072,29.863229
15184.000000,3.880172,2.717500,1.162672,29.964438
15235.000000,3.885743,2.722400,1.163343,29.938751
15286.000000,3.891286,2.722400,1.168886,30.038561
15337.000000,3.896802,2.722400,1.174402,30.137593
15388.000000,3.902291,2.722400,1.179891,30.235854
15438.000000,3.907752,2.727300,1.180452,30.207960
15489.000000,3.913186,2.727300,1.185886,30.304877
15541.000000,3.918593,2.727300,1.191293,30.401045
15591.000000,3.923973,2.727300,1.196673,30.496472
15642.000000,3.929327,2.727300,1.202027,30.591164
15692.000000,3.934654,2.727300,1.207354,30.685130
15743.000000,3.939954,2.727300,1.212654,30.778376
15795.000000,3.945228,2.732200,1.213028,30.746709
15845.000000,3.950475,2.732200,1.218275,30.838701
15896.000000,3.955697,2.732200,1.223497,30.929994
15947.000000,3.960892,2.732200,1.228692,31.020594
15997.000000,3.966062,2.737000,1.229062,30.989481
16049.000000,3.971206,2.737000,1.234206,31.078871
16100.000000,3.976324,2.737000,1.239324,31.167587
16150.000000,3.981417,2.737000,1.244417,31.255636
16201.000000,3.986485,2.737000,1.249485,31.343023
16251.000000,3.991527,2.737000,1.254527,31.429755
16303.000000,3.996544,2.737000,1.259544,31.515838
16354.000000,4.001537,2.737000,1.264537,31.601279
16404.000000,4.006504,2.737000,1.269504,31.686083
16455.000000,4.011447,2.741900,1.269547,31.648107
16505.000000,4.016365,2.737000,1.279365,31.853807
16556.000000,4.021259,2.737000,1.284259,31.936738
16608.000000,4.026128,2.737000,1.289128,32.019057
16658.000000,4.030973,2.737000,1.293973,32.100768
16709.000000,4.035794,2.737000,1.298794,32.181878
16760.000000,4.040591,2.737000,1.303591,32.262393
16810.000000,4.045365,2.737000,1.308365,32.342317
16862.000000,4.050114,2.741900,1.308214,32.300673
16912.000000,4.054840,2.741900,1.312940,32.379574
16963.000000,4.059542,2.741900,1.317642,32.457901
17014.000000,4.064221,2.741900,1.322321,32.535658
17064.000000,4.068877,2.741900,1.326977,32.612851
17116.000000,4.073509,2.741900,1.331609,32.689485
17167.000000,4.078119,2.741900,1.336219,32.765564
17217.000000,4.082705,2.741900,1.340805,32.841095
17268.000000,4.087269,2.741900,1.345369,32.916082
17319.000000,4.091810,2.741900,1.349910,32.990529
17370.000000,4.096328,2.741900,1.354428,33.064442
17421.000000,4.100824,2.741900,1.358924,33.137826
17471.000000,4.105297,2.741900,1.363397,33.210685
17522.000000,4.109749,2.737000,1.372749,33.402253
17573.000000,4.114178,2.737000,1.377178,33.473949
17623.000000,4.118585,2.737000,1.381585,33.545135
17675.000000,4.122970,2.737000,1.385970,33.615816
17726.000000,4.127333,2.737000,1.390333,33.685996
17776.000000,4.131675,2.737000,1.394675,33.755679
17827.000000,4.135995,2.737000,1.398995,33.824871
17877.000000,4.140294,2.737000,1.403294,33.893576
17929.000000,4.144571,2.737000,1.407571,33.961797
17980.000000,4.148827,2.737000,1.411827,34.029539
18030.000000,4.153061,2.737000,1.416061,34.096806
18081.000000,4.157275,2.737000,1.420275,34.163602
18131.000000,4.161468,2.737000,1.424468,34.229932
18183.000000,4.165639,2.737000,1.428639,34.295800
18234.000000,4.169790,2.732200,1.437590,34.476322
18284.000000,4.173921,2.732200,1.441721,34.541163
18335.000000,4.178031,2.732200,1.445831,34.605553
18386.000000,4.182120,2.732200,1.449920,34.669498
18437.000000,4.186189,2.732200,1.453989,34.733000
18488.000000,4.190238,2.732200,1.458038,34.796064
18539.000000,4.194267,2.732200,1.462067,34.858694
18589.000000,4.198275,2.732200,1.466075,34.920893
18640.000000,4.202264,2.727300,1.474964,35.099268
18690.000000,4.206233,2.727300,1.478933,35.160506
18742.000000,4.210182,2.727300,1.482882,35.221324
18793.000000,4.214111,2.727300,1.486811,35.281727
18843.000000,4.218021,2.727300,1.490721,35.341718
18894.000000,4.221912,2.727300,1.494612,35.401299
18945.000000,4.225783,2.722400,1.503383,35.576431
18996.000000,4.229634,2.722400,1.507234,35.635100
19047.000000,4.233467,2.722400,1.511067,35.693371
19097.000000,4.237281,2.722400,1.514881,35.751248
19148.000000,4.241075,2.722400,1.518675,35.808733
19199.000000,4.244851,2.722400,1.522451,35.865830
19250.000000,4.248608,2.722400,1.526208,35.922543
19301.000000,4.252346,2.722400,1.529946,35.978874
19352.000000,4.256066,2.722400,1.533666,36.034826
19402.000000,4.259767,2.717500,1.542267,36.205433
19453.000000,4.263450,2.717500,1.545950,36.260539
19505.000000,4.267114,2.717500,1.549614,36.315276
19555.000000,4.270761,2.717500,1.553261,36.369647
19606.000000,4.274389,2.712600,1.561789,36.538292
19656.000000,4.277999,2.712600,1.565399,36.591845
19707.000000,4.281591,2.712600,1.568991,36.645041
19759.000000,4.285165,2.712600,1.572565,36.697884
19809.000000,4.288721,2.712600,1.576121,36.750377
19860.000000,4.292260,2.707700,1.584560,36.916681
19911.000000,4.295781,2.707700,1.588081,36.968388
19961.000000,4.299285,2.707700,1.591585,37.019754
20012.000000,4.302771,2.707700,1.595071,37.070781
20063.000000,4.306240,2.707700,1.598540,37.121473
20114.000000,4.309691,2.707700,1.601991,37.171831
20165.000000,4.313125,2.702800,1.610325,37.335465
20215.000000,4.316543,2.702800,1.613743,37.385075
20266.000000,4.319943,2.702800,1.617143,37.434360
20318.000000,4.323326,2.702800,1.620526,37.483323
20368.000000,4.326693,2.702800,1.623893,37.531966
20419.000000,4.330043,2.702800,1.627243,37.580292
20469.000000,4.333376,2.697900,1.635476,37.741380
20520.000000,4.336692,2.697900,1.638792,37.788993
20572.000000,4.339992,2.697900,1.642092,37.836297
20622.000000,4.343276,2.697900,1.645376,37.883294
20673.000000,4.346543,2.693100,1.653443,38.040420
20724.000000,4.349794,2.693100,1.656694,38.086728
20774.000000,4.353029,2.693100,1.659929,38.132737
20826.000000,4.356248,2.693100,1.663148,38.178450
20876.000000,4.359451,2.688200,1.671251,38.336268
20927.000000,4.362638,2.688200,1.674438,38.381312
20978.000000,4.365808,2.688200,1.677608,38.426067
21028.000000,4.368964,2.688200,1.680764,38.470534
21079.000000,4.372103,2.688200,1.683903,38.514717
21131.000000,4.375227,2.688200,1.687027,38.558617
21181.000000,4.378335,2.688200,1.690135,38.602236
21232.000000,4.381428,2.683300,1.698128,38.757412
21282.000000,4.384506,2.683300,1.701206,38.800398
21333.000000,4.387568,2.683300,1.704268,38.843111
21385.000000,4.390615,2.683300,1.707315,38.885551
21435.000000,4.393647,2.683300,1.710347,38.927722
21486.000000,4.396663,2.678400,1.718263,39.081074
21537.000000,4.399665,2.678400,1.721265,39.122636
21587.000000,4.402652,2.678400,1.724252,39.163935
21639.000000,4.405623,2.678400,1.727223,39.204973
21689.000000,4.408581,2.673500,1.735081,39.356899
21740.000000,4.411523,2.673500,1.738023,39.397346
21791.000000,4.414451,2.673500,1.740951,39.437539
21841.000000,4.417364,2.673500,1.743864,39.477479
21893.000000,4.420263,2.668600,1.751663,39.628021
21944.000000,4.423147,2.668600,1.754547,39.667389
21994.000000,4.426017,2.668600,1.757417,39.706510
22045.000000,4.428872,2.668600,1.760272,39.745385
22095.000000,4.431714,2.668600,1.763114,39.784018
22146.000000,4.434541,2.668600,1.765941,39.822410
22198.000000,4.437354,2.663700,1.773654,39.970988
22248.000000,4.440154,2.663700,1.776454,40.008832
22299.000000,4.442939,2.663700,1.779239,40.046441
22350.000000,4.445710,2.663700,1.782010,40.083816
22400.000000,4.448468,2.663700,1.784768,40.120959
22452.000000,4.451212,2.663700,1.787512,40.157871
22503.000000,4.453942,2.663700,1.790242,40.194554
22553.000000,4.456659,2.658800,1.797859,40.340959
22604.000000,4.459362,2.658800,1.800562,40.377123
22654.000000,4.462052,2.658800,1.803252,40.413064
22706.000000,4.464728,2.654000,1.810728,40.556292
22757.000000,4.467391,2.654000,1.813391,40.591727
22807.000000,4.470041,2.654000,1.816041,40.626944
22858.000000,4.472678,2.654000,1.818678,40.661944
22909.000000,4.475301,2.649100,1.826201,40.806218
22960.000000,4.477912,2.649100,1.828812,40.840726
23011.000000,4.480509,2.649100,1.831409,40.875022
23061.000000,4.483094,2.649100,1.833994,40.909108
23112.000000,4.485665,2.649100,1.836565,40.942985
23163.000000,4.488224,2.649100,1.839124,40.976656
23213.000000,4.490770,2.649100,1.841670,41.010120
23265.000000,4.493304,2.644200,1.849104,41.152432
23316.000000,4.495825,2.644200,1.851625,41.185429
23366.000000,4.498333,2.644200,1.854133,41.218225
23417.000000,4.500829,2.644200,1.856629,41.250821
23467.000000,4.503312,2.644200,1.859112,41.283219
23519.000000,4.505783,2.639300,1.866483,41.424170
23570.000000,4.508242,2.639300,1.868942,41.456117
23620.000000,4.510689,2.639300,1.871389,41.487871
23671.000000,4.513123,2.639300,1.873823,41.519433
23722.000000,4.515545,2.634400,1.881145,41.659317
23773.000000,4.517956,2.634400,1.883556,41.690441
23824.000000,4.520354,2.634400,1.885954,41.721376
23874.000000,4.522740,2.634400,1.888340,41.752125
23925.000000,4.525115,2.634400,1.890715,41.782689
23976.000000,4.527477,2.629500,1.897977,41.921297
24027.000000,4.529828,2.629500,1.900328,41.951439
24078.000000,4.532167,2.629500,1.902667,41.981399
24129.000000,4.534495,2.629500,1.904995,42.011180
24179.000000,4.536811,2.629500,1.907311,42.040782
24230.000000,4.539115,2.629500,1.909615,42.070207
24282.000000,4.541408,2.629500,1.911908,42.099455
24332.000000,4.543690,2.624600,1.919090,42.236371
24383.000000,4.545960,2.624600,1.921360,42.265218
24433.000000,4.548219,2.624600,1.923619,42.293892
24484.000000,4.550466,2.624600,1.925866,42.322396
24535.000000,4.552703,2.624600,1.928103,42.350729
24586.000000,4.554928,2.619700,1.935228,42.486470
24637.000000,4.557143,2.619700,1.937443,42.514416
24688.000000,4.559346,2.619700,1.939646,42.542195
24738.000000,4.561538,2.619700,1.941838,42.569810
24789.000000,4.563719,2.619700,1.944019,42.597261
24840.000000,4.565890,2.614900,1.950990,42.729677
24891.000000,4.568050,2.614900,1.953150,42.756754
24942.000000,4.570199,2.614900,1.955299,42.783671
24992.000000,4.572337,2.614900,1.957437,42.810429
25043.000000,4.574465,2.614900,1.959565,42.837029
25095.000000,4.576582,2.610000,1.966582,42.970539
25145.000000,4.578688,2.610000,1.968688,42.996777
25196.000000,4.580785,2.610000,1.970785,43.022860
25246.000000,4.582870,2.610000,1.972870,43.048790
25297.000000,4.584945,2.610000,1.974945,43.074568
25349.000000,4.587010,2.610000,1.977010,43.100194
25399.000000,4.589065,2.610000,1.979065,43.125670
25450.000000,4.591110,2.610000,1.981110,43.150997
25501.000000,4.593144,2.605100,1.988044,43.282856
25551.000000,4.595168,2.605100,1.990068,43.307839
25602.000000,4.597182,2.605100,1.992082,43.332677
25653.000000,4.599186,2.605100,1.994086,43.357369
25704.000000,4.601180,2.605100,1.996080,43.381918
25755.000000,4.603164,2.600200,2.002964,43.512771
25805.000000,4.605139,2.600200,2.004939,43.536988
25856.000000,4.607103,2.600200,2.006903,43.561064
25908.000000,4.609058,2.600200,2.008858,43.585000
25958.000000,4.611003,2.600200,2.010803,43.608797
26009.000000,4.612938,2.595300,2.017638,43.738678
26059.000000,4.614864,2.595300,2.019564,43.762155
26110.000000,4.616780,2.595300,2.021480,43.785495
26162.000000,4.618687,2.595300,2.023387,43.808700
26212.000000,4.620584,2.595300,2.025284,43.831771
26263.000000,4.622471,2.595300,2.027171,43.854708
26314.000000,4.624350,2.595300,2.029050,43.877512
26364.000000,4.626218,2.595300,2.030918,43.900185
26416.000000,4.628078,2.590400,2.037678,44.028601
26466.000000,4.629928,2.590400,2.039528,44.050971
26517.000000,4.631770,2.590400,2.041370,44.073211
26568.000000,4.633602,2.590400,2.043202,44.095322
26618.000000,4.635424,2.590400,2.045024,44.117307
26669.000000,4.637238,2.590400,2.046838,44.139165
26721.000000,4.639043,2.590400,2.048643,44.160897
26771.000000,4.640839,2.585500,2.055339,44.288089
26822.000000,4.642626,2.585500,2.057126,44.309531
26872.000000,4.644404,2.585500,2.058904,44.330851
26923.000000,4.646173,2.585500,2.060673,44.352048
26975.000000,4.647933,2.580600,2.067333,44.478547
27025.000000,4.649685,2.580600,2.069085,44.499463
27076.000000,4.651428,2.580600,2.070828,44.520258
27127.000000,4.653162,2.580600,2.072562,44.540935
27177.000000,4.654887,2.580600,2.074287,44.561494
27229.000000,4.656604,2.580600,2.076004,44.581935
27279.000000,4.658313,2.580600,2.077713,44.602260
27330.000000,4.660013,2.580600,2.079413,44.622468
27381.000000,4.661704,2.580600,2.081104,44.642562
27431.000000,4.663387,2.580600,2.082787,44.662541
27483.000000,4.665062,2.575800,2.089262,44.785299
27534.000000,4.666728,2.575800,2.090928,44.805014
27584.000000,4.668386,2.575800,2.092586,44.824618
27635.000000,4.670036,2.575800,2.094236,44.844110
27685.000000,4.671678,2.575800,2.095878,44.863492
27736.000000,4.673311,2.575800,2.097511,44.882763
27788.000000,4.674937,2.575800,2.099137,44.901926
27838.000000,4.676554,2.575800,2.100754,44.920980
27889.000000,4.678163,2.570900,2.107263,45.044668
27940.000000,4.679764,2.570900,2.108864,45.063471
27990.000000,4.681357,2.570900,2.110457,45.082167
28042.000000,4.682943,2.570900,2.112043,45.100758
28092.000000,4.684520,2.570900,2.113620,45.119244
28143.000000,4.686090,2.566000,2.120090,45.242191
28194.000000,4.687651,2.566000,2.121651,45.260434
28244.000000,4.689205,2.566000,2.123205,45.278574
28296.000000,4.690752,2.566000,2.124752,45.296612
28347.000000,4.692290,2.566000,2.126290,45.314549
28397.000000,4.693821,2.566000,2.127821,45.332385
28448.000000,4.695344,2.566000,2.129344,45.350120
28498.000000,4.696860,2.566000,2.130860,45.367756
28550.000000,4.698368,2.566000,2.132368,45.385293
28601.000000,4.699869,2.561100,2.138769,45.506989
28651.000000,4.701362,2.561100,2.140262,45.524297
28702.000000,4.702848,2.561100,2.141748,45.541507
28753.000000,4.704326,2.561100,2.143226,45.558621
28803.000000,4.705797,2.561100,2.144697,45.575639
28855.000000,4.707261,2.561100,2.146161,45.592562
28905.000000,4.708717,2.561100,2.147617,45.609390
28956.000000,4.710166,2.561100,2.149066,45.626125
29007.000000,4.711608,2.556200,2.155408,45.746764
29057.000000,4.713043,2.556200,2.156843,45.763280
29109.000000,4.714471,2.556200,2.158271,45.779704
29160.000000,4.715891,2.556200,2.159691,45.796037
29210.000000,4.717305,2.556200,2.161105,45.812278
29261.000000,4.718711,2.556200,2.162511,45.828429
29311.000000,4.720111,2.551300,2.168811,45.948301
29363.000000,4.721503,2.551300,2.170203,45.964243
29414.000000,4.722889,2.551300,2.171589,45.980095
29464.000000,4.724267,2.551300,2.172967,45.995860
29515.000000,4.725639,2.551300,2.174339,46.011536
29566.000000,4.727004,2.551300,2.175704,46.027126
29617.000000,4.728362,2.551300,2.177062,46.042630
29668.000000,4.729714,2.551300,2.178414,46.058047
29719.000000,4.731059,2.551300,2.179759,46.073379
29769.000000,4.732397,2.551300,2.181097,46.088626
29820.000000,4.733728,2.551300,2.182428,46.103788
29871.000000,4.735053,2.551300,2.183753,46.118867
29922.000000,4.736371,2.551300,2.185071,46.133862
29973.000000,4.737682,2.546400,2.191282,46.252201
30023.000000,4.738987,2.546400,2.192587,46.267002
30074.000000,4.740286,2.546400,2.193886,46.281722
30125.000000,4.741578,2.546400,2.195178,46.296361
30176.000000,4.742864,2.546400,2.196464,46.310918
30227.000000,4.744143,2.546400,2.197743,46.325396
30277.000000,4.745416,2.541500,2.203916,46.443051
30328.000000,4.746683,2.541500,2.205183,46.457342
30379.000000,4.747943,2.541500,2.206443,46.471555
30430.000000,4.749197,2.541500,2.207697,46.485689
30481.000000,4.750445,2.541500,2.208945,46.499745
30532.000000,4.751686,2.541500,2.210186,46.513724
30582.000000,4.752922,2.541500,2.211422,46.527626
30633.000000,4.754151,2.541500,2.212651,46.541452
30684.000000,4.755374,2.541500,2.213874,46.555202
30735.000000,4.756591,2.541500,2.215091,46.568877
30786.000000,4.757802,2.541500,2.216302,46.582477
30836.000000,4.759007,2.541500,2.217507,46.596002
30887.000000,4.760206,2.541500,2.218706,46.609453
30939.000000,4.761399,2.541500,2.219899,46.622830
30989.000000,4.762586,2.536700,2.225886,46.736920
31040.000000,4.763767,2.536700,2.227067,46.750127
31091.000000,4.764942,2.536700,2.228242,46.763261
31141.000000,4.766112,2.536700,2.229412,46.776323
31192.000000,4.767276,2.536700,2.230576,46.789314
31243.000000,4.768433,2.536700,2.231733,46.802235
31294.000000,4.769585,2.531800,2.237785,46.917819
31345.000000,4.770732,2.531800,2.238932,46.930574
31395.000000,4.771872,2.531800,2.240072,46.943259
31446.000000,4.773007,2.531800,2.241207,46.955875
31498.000000,4.774137,2.531800,2.242337,46.968423
31548.000000,4.775260,2.531800,2.243460,46.980902
31599.000000,4.776379,2.531800,2.244579,46.993313
31649.000000,4.777491,2.531800,2.245691,47.005657
31700.000000,4.778598,2.531800,2.246798,47.017934
31752.000000,4.779700,2.531800,2.247900,47.030144
31802.000000,4.780796,2.531800,2.248996,47.042287
31853.000000,4.781886,2.531800,2.250086,47.054365
31904.000000,4.782971,2.531800,2.251171,47.066377
31954.000000,4.784051,2.531800,2.252251,47.078324
32006.000000,4.785125,2.531800,2.253325,47.090206
32056.000000,4.786194,2.531800,2.254394,47.102024
32107.000000,4.787258,2.526900,2.260358,47.216133
32158.000000,4.788317,2.526900,2.261417,47.227800
32208.000000,4.789370,2.526900,2.262470,47.239404
32259.000000,4.790418,2.526900,2.263518,47.250946
32311.000000,4.791460,2.526900,2.264560,47.262425
32361.000000,4.792498,2.526900,2.265598,47.273842
32412.000000,4.793530,2.522000,2.271530,47.387418
32462.000000,4.794557,2.522000,2.272557,47.398690
32513.000000,4.795580,2.522000,2.273580,47.409901
32565.000000,4.796597,2.522000,2.274597,47.421052
32615.000000,4.797608,2.522000,2.275608,47.432142
32666.000000,4.798615,2.522000,2.276615,47.443173
32717.000000,4.799617,2.522000,2.277617,47.454144
32767.000000,4.800614,2.522000,2.278614,47.465056
32819.000000,4.801606,2.522000,2.279606,47.475909
32869.000000,4.802593,2.522000,2.280593,47.486704
32920.000000,4.803575,2.522000,2.281575,47.497441
32971.000000,4.804553,2.522000,2.282553,47.508120
33021.000000,4.805525,2.522000,2.283525,47.518741
33073.000000,4.806493,2.522000,2.284493,47.529306
33124.000000,4.807455,2.522000,2.285455,47.539813
33174.000000,4.808413,2.517100,2.291313,47.652169
33225.000000,4.809366,2.517100,2.292266,47.662544
33275.000000,4.810315,2.517100,2.293215,47.672863
33327.000000,4.811258,2.517100,2.294158,47.683127
33378.000000,4.812198,2.517100,2.295098,47.693336
33428.000000,4.813132,2.517100,2.296032,47.703489
33479.000000,4.814062,2.517100,2.296962,47.713589
33530.000000,4.814987,2.517100,2.297887,47.723634
33580.000000,4.815907,2.517100,2.298807,47.733626
33632.000000,4.816823,2.517100,2.299723,47.743564
33683.000000,4.817734,2.517100,2.300634,47.753449
33733.000000,4.818641,2.517100,2.301541,47.763281
33784.000000,4.819543,2.517100,2.302443,47.773060
33834.000000,4.820441,2.517100,2.303341,47.782787
33886.000000,4.821334,2.517100,2.304234,47.792463
33937.000000,4.822223,2.512200,2.310023,47.903699
33987.000000,4.823108,2.512200,2.310908,47.913252
34038.000000,4.823988,2.512200,2.311788,47.922755
34089.000000,4.824864,2.512200,2.312664,47.932206
34140.000000,4.825735,2.512200,2.313535,47.941608
34191.000000,4.826602,2.512200,2.314402,47.950959
34241.000000,4.827465,2.512200,2.315265,47.960260
34292.000000,4.828323,2.512200,2.316123,47.969512
34343.000000,4.829177,2.512200,2.316977,47.978714
34394.000000,4.830027,2.507300,2.322727,48.089316
34445.000000,4.830873,2.512200,2.318673,47.996972
34496.000000,4.831714,2.507300,2.324414,48.107442
34546.000000,4.832551,2.507300,2.325251,48.116432
34597.000000,4.833384,2.507300,2.326084,48.125375
34647.000000,4.834213,2.507300,2.326913,48.134270
34699.000000,4.835038,2.507300,2.327738,48.143118
34750.000000,4.835859,2.507300,2.328559,48.151918
34800.000000,4.836675,2.507300,2.329375,48.160672
34851.000000,4.837488,2.507300,2.330188,48.169380
34902.000000,4.838296,2.507300,2.330996,48.178041
34953.000000,4.839101,2.507300,2.331801,48.186657
35004.000000,4.839901,2.507300,2.332601,48.195226
35054.000000,4.840698,2.507300,2.333398,48.203750
35105.000000,4.841491,2.507300,2.334191,48.212229
35156.000000,4.842279,2.507300,2.334979,48.220663
35207.000000,4.843064,2.507300,2.335764,48.229053
35258.000000,4.843845,2.507300,2.336545,48.237398
35309.000000,4.844621,2.502400,2.342221,48.346842
35359.000000,4.845394,2.502400,2.342994,48.355082
35410.000000,4.846164,2.502400,2.343764,48.363279
35461.000000,4.846929,2.502400,2.344529,48.371433
35512.000000,4.847691,2.502400,2.345291,48.379544
35563.000000,4.848448,2.502400,2.346048,48.387611
35613.000000,4.849202,2.502400,2.346802,48.395636
35664.000000,4.849953,2.502400,2.347553,48.403619
35715.000000,4.850699,2.502400,2.348299,48.411560
35766.000000,4.851442,2.502400,2.349042,48.419458
35817.000000,4.852181,2.502400,2.349781,48.427315
35867.000000,4.852916,2.502400,2.350516,48.435130
35918.000000,4.853648,2.502400,2.351248,48.442905
35969.000000,4.854376,2.502400,2.351976,48.450638
36020.000000,4.855101,2.502400,2.352701,48.458330
36071.000000,4.855822,2.502400,2.353422,48.465982
36122.000000,4.856539,2.502400,2.354139,48.473593
36172.000000,4.857253,2.502400,2.354853,48.481165
36223.000000,4.857963,2.497600,2.360363,48.587503
36274.000000,4.858670,2.497600,2.361070,48.594981
36325.000000,4.859373,2.497600,2.361773,48.602419
36376.000000,4.860072,2.497600,2.362472,48.609818
36426.000000,4.860768,2.497600,2.363168,48.617178
36477.000000,4.861461,2.497600,2.363861,48.624499
36529.000000,4.862150,2.497600,2.364550,48.631782
36579.000000,4.862836,2.497600,2.365236,48.639027
36630.000000,4.863519,2.497600,2.365919,48.646233
36680.000000,4.864198,2.497600,2.366598,48.653402
36731.000000,4.864873,2.497600,2.367273,48.660533
36783.000000,4.865546,2.497600,2.367946,48.667627
36833.000000,4.866214,2.497600,2.368614,48.674683
36884.000000,4.866880,2.497600,2.369280,48.681702
36935.000000,4.867542,2.497600,2.369942,48.688685
36985.000000,4.868201,2.497600,2.370601,48.695631
37036.000000,4.868857,2.497600,2.371257,48.702540
37087.000000,4.869510,2.497600,2.371910,48.709413
37138.000000,4.870159,2.492700,2.377459,48.816863
37189.000000,4.870805,2.492700,2.378105,48.823651
37239.000000,4.871447,2.492700,2.378747,48.830404
37290.000000,4.872087,2.492700,2.379387,48.837121
37342.000000,4.872723,2.492700,2.380023,48.843803
37392.000000,4.873357,2.492700,2.380657,48.850450
37443.000000,4.873987,2.492700,2.381287,48.857062
37494.000000,4.874614,2.492700,2.381914,48.863639
37544.000000,4.875237,2.492700,2.382537,48.870183
37596.000000,4.875858,2.492700,2.383158,48.876691
37646.000000,4.876476,2.492700,2.383776,48.883166
37697.000000,4.877090,2.492700,2.384390,48.889608
37748.000000,4.877702,2.492700,2.385002,48.896015
37798.000000,4.878310,2.492700,2.385610,48.902389
37850.000000,4.878916,2.492700,2.386216,48.908730
37901.000000,4.879518,2.492700,2.386818,48.915037
37951.000000,4.880117,2.492700,2.387417,48.921312
38002.000000,4.880714,2.492700,2.388014,48.927554
38052.000000,4.881307,2.492700,2.388607,48.933763
38103.000000,4.881898,2.487800,2.394098,49.040311
38155.000000,4.882485,2.487800,2.394685,49.046443
38205.000000,4.883070,2.487800,2.395270,49.052544
38256.000000,4.883652,2.487800,2.395852,49.058613
38307.000000,4.884231,2.487800,2.396431,49.064650
38357.000000,4.884807,2.487800,2.397007,49.070656
38409.000000,4.885380,2.487800,2.397580,49.076630
38459.000000,4.885950,2.487800,2.398150,49.082574
38510.000000,4.886517,2.487800,2.398717,49.088486
38561.000000,4.887082,2.487800,2.399282,49.094368
38611.000000,4.887644,2.487800,2.399844,49.100219
38663.000000,4.888203,2.487800,2.400403,49.106039
38714.000000,4.888759,2.487800,2.400959,49.111830
38764.000000,4.889312,2.487800,2.401512,49.117590
38815.000000,4.889863,2.487800,2.402063,49.123320
38865.000000,4.890411,2.487800,2.402611,49.129021
38917.000000,4.890956,2.487800,2.403156,49.134692
38968.000000,4.891499,2.487800,2.403699,49.140333
39018.000000,4.892039,2.487800,2.404239,49.145945
39069.000000,4.892576,2.487800,2.404776,49.151528
39120.000000,4.893110,2.487800,2.405310,49.157082
39170.000000,4.893642,2.487800,2.405842,49.162607
39222.000000,4.894171,2.482900,2.411271,49.268222
39272.000000,4.894698,2.487800,2.406898,49.173571
39323.000000,4.895222,2.482900,2.412322,49.279108
39374.000000,4.895743,2.482900,2.412843,49.284509
39424.000000,4.896261,2.482900,2.413361,49.289882
39476.000000,4.896778,2.482900,2.413878,49.295226
39527.000000,4.897291,2.482900,2.414391,49.300543
39577.000000,4.897802,2.482900,2.414902,49.305833
39628.000000,4.898311,2.482900,2.415411,49.311095
39678.000000,4.898816,2.482900,2.415916,49.316330
39730.000000,4.899320,2.482900,2.416420,49.321537
39781.000000,4.899821,2.482900,2.416921,49.326718
39831.000000,4.900319,2.482900,2.417419,49.331872
39882.000000,4.900815,2.482900,2.417915,49.336999
39933.000000,4.901309,2.482900,2.418409,49.342100
39984.000000,4.901800,2.482900,2.418900,49.347174
40035.000000,4.902288,2.482900,2.419388,49.352222
40086.000000,4.902774,2.482900,2.419874,49.357244
40136.000000,4.903258,2.482900,2.420358,49.362240
40187.000000,4.903739,2.482900,2.420839,49.367210
40237.000000,4.904218,2.482900,2.421318,49.372155
40289.000000,4.904695,2.482900,2.421795,49.377074
40340.000000,4.905169,2.478000,2.427169,49.481862
40390.000000,4.905641,2.478000,2.427641,49.486720
40441.000000,4.906110,2.478000,2.428110,49.491554
40492.000000,4.906577,2.478000,2.428577,49.496362
40543.000000,4.907042,2.478000,2.429042,49.501146
40594.000000,4.907505,2.478000,2.429505,49.505905
40644.000000,4.907965,2.478000,2.429965,49.510639
40695.000000,4.908423,2.478000,2.430423,49.515349
40746.000000,4.908878,2.478000,2.430878,49.520035
40797.000000,4.909332,2.478000,2.431332,49.524696
40848.000000,4.909783,2.478000,2.431783,49.529334
40899.000000,4.910231,2.478000,2.432231,49.533947
40949.000000,4.910678,2.478000,2.432678,49.538537
41000.000000,4.911122,2.478000,2.433122,49.543103
41051.000000,4.911565,2.478000,2.433565,49.547645
41102.000000,4.912005,2.478000,2.434005,49.552164
41153.000000,4.912442,2.478000,2.434442,49.556660
41203.000000,4.912878,2.478000,2.434878,49.561133
41254.000000,4.913311,2.478000,2.435311,49.565583
41304.000000,4.913743,2.478000,2.435743,49.570009
41356.000000,4.914172,2.478000,2.436172,49.574413
41407.000000,4.914599,2.473100,2.441499,49.678497
41457.000000,4.915024,2.473100,2.441924,49.682847
41508.000000,4.915447,2.473100,2.442347,49.687175
41559.000000,4.915867,2.473100,2.442767,49.691481
41610.000000,4.916286,2.473100,2.443186,49.695764
41661.000000,4.916702,2.473100,2.443602,49.700025
41712.000000,4.917117,2.473100,2.444017,49.704264
41762.000000,4.917529,2.473100,2.444429,49.708482
41813.000000,4.917939,2.473100,2.444839,49.712678
41864.000000,4.918348,2.473100,2.445248,49.716852
41915.000000,4.918754,2.473100,2.445654,49.721005
41966.000000,4.919158,2.473100,2.446058,49.725136
42016.000000,4.919560,2.473100,2.446460,49.729246
42067.000000,4.919960,2.473100,2.446860,49.733335
42119.000000,4.920359,2.473100,2.447259,49.737404
42169.000000,4.920755,2.473100,2.447655,49.741451
42220.000000,4.921149,2.473100,2.448049,49.745477
42270.000000,4.921541,2.473100,2.448441,49.749483
42321.000000,4.921932,2.473100,2.448832,49.753468
42373.000000,4.922320,2.473100,2.449220,49.757433
42423.000000,4.922707,2.473100,2.449607,49.761377
42474.000000,4.923091,2.473100,2.449991,49.765301
42525.000000,4.923474,2.473100,2.450374,49.769205
42575.000000,4.923855,2.473100,2.450755,49.773089
42626.000000,4.924233,2.473100,2.451133,49.776954
42677.000000,4.924610,2.473100,2.451510,49.780798
42728.000000,4.924985,2.473100,2.451885,49.784622
42779.000000,4.925359,2.473100,2.452259,49.788427
42829.000000,4.925730,2.473100,2.452630,49.792213
42880.000000,4.926099,2.473100,2.452999,49.795979
42932.000000,4.926467,2.473100,2.453367,49.799726
42982.000000,4.926833,2.473100,2.453733,49.803453
43033.000000,4.927197,2.473100,2.454097,49.807162
43084.000000,4.927559,2.473100,2.454459,49.810851
43134.000000,4.927920,2.473100,2.454820,49.814522
43186.000000,4.928278,2.473100,2.455178,49.818173
43236.000000,4.928635,2.473100,2.455535,49.821806
43287.000000,4.928990,2.473100,2.455890,49.825421
43338.000000,4.929343,2.473100,2.456243,49.829017
43388.000000,4.929695,2.468200,2.461495,49.931992
43440.000000,4.930045,2.468200,2.461845,49.935544
43491.000000,4.930393,2.468200,2.462193,49.939078
43541.000000,4.930739,2.468200,2.462539,49.942594
43592.000000,4.931084,2.468200,2.462884,49.946092
43642.000000,4.931426,2.468200,2.463226,49.949572
43693.000000,4.931768,2.468200,2.463568,49.953035
43745.000000,4.932107,2.468200,2.463907,49.956479
43795.000000,4.932445,2.468200,2.464245,49.959906
43846.000000,4.932781,2.468200,2.464581,49.963316
43897.000000,4.933115,2.468200,2.464915,49.966708
43947.000000,4.933448,2.468200,2.465248,49.970083
43999.000000,4.933779,2.468200,2.465579,49.973440
44049.000000,4.934109,2.468200,2.465909,49.976781
44100.000000,4.934436,2.468200,2.466236,49.980104
44151.000000,4.934763,2.468200,2.466563,49.983410
44201.000000,4.935087,2.468200,2.466887,49.986700
44253.000000,4.935410,2.468200,2.467210,49.989972
44304.000000,4.935732,2.468200,2.467532,49.993228
44354.000000,4.936051,2.468200,2.467851,49.996467
44405.000000,4.936369,2.468200,2.468169,49.999690
44455.000000,4.936686,2.468200,2.468486,50.002896
44507.000000,4.937001,2.468200,2.468801,50.006086
44558.000000,4.937314,2.468200,2.469114,50.009260
44608.000000,4.937626,2.468200,2.469426,50.012418
44659.000000,4.937937,2.468200,2.469737,50.015559
44710.000000,4.938245,2.468200,2.470045,50.018684
44760.000000,4.938553,2.463300,2.475253,50.121013
44812.000000,4.938858,2.468200,2.470658,50.024887
44863.000000,4.939162,2.463300,2.475862,50.127172
44913.000000,4.939465,2.463300,2.476165,50.130228
44964.000000,4.939766,2.463300,2.476466,50.133269
45014.000000,4.940066,2.468200,2.471866,50.037105
45066.000000,4.940364,2.468200,2.472164,50.040120
45117.000000,4.940661,2.468200,2.472461,50.043121
45167.000000,4.940956,2.463300,2.477656,50.145277
45218.000000,4.941250,2.468200,2.473050,50.049075
45269.000000,4.941542,2.468200,2.473342,50.052030
45320.000000,4.941833,2.463300,2.478533,50.154123
45371.000000,4.942122,2.468200,2.473922,50.057894
45421.000000,4.942410,2.463300,2.479110,50.159945
45472.000000,4.942697,2.463300,2.479397,50.162834
45523.000000,4.942982,2.463300,2.479682,50.165709
45574.000000,4.943266,2.463300,2.479966,50.168569
45625.000000,4.943548,2.463300,2.480248,50.171414
45676.000000,4.943829,2.463300,2.480529,50.174245
45726.000000,4.944108,2.463300,2.480808,50.177061
45777.000000,4.944386,2.463300,2.481086,50.179863
45827.000000,4.944663,2.463300,2.481363,50.182651
45879.000000,4.944938,2.463300,2.481638,50.185424
45930.000000,4.945212,2.463300,2.481912,50.188184
45980.000000,4.945485,2.463300,2.482185,50.190929
46031.000000,4.945756,2.463300,2.482456,50.193661
46082.000000,4.946026,2.463300,2.482726,50.196378
46133.000000,4.946294,2.463300,2.482994,50.199082
46184.000000,4.946562,2.463300,2.483262,50.201772
46235.000000,4.946827,2.463300,2.483527,50.204448
46285.000000,4.947092,2.463300,2.483792,50.207111
46336.000000,4.947355,2.463300,2.484055,50.209760
46387.000000,4.947617,2.463300,2.484317,50.212396
46438.000000,4.947878,2.463300,2.484578,50.215019
46489.000000,4.948137,2.463300,2.484837,50.217628
46539.000000,4.948395,2.463300,2.485095,50.220223
46590.000000,4.948652,2.463300,2.485352,50.222806
46642.000000,4.948907,2.458500,2.490407,50.322367
46692.000000,4.949161,2.458500,2.490661,50.324918
46743.000000,4.949414,2.458500,2.490914,50.327457
46793.000000,4.949666,2.458500,2.491166,50.329982
46844.000000,4.949916,2.458500,2.491416,50.332495
46896.000000,4.950166,2.458500,2.491666,50.334995
46946.000000,4.950414,2.458500,2.491914,50.337483
46997.000000,4.950660,2.458500,2.492160,50.339957
47048.000000,4.950906,2.458500,2.492406,50.342420
47098.000000,4.951150,2.458500,2.492650,50.344869
47149.000000,4.951393,2.458500,2.492893,50.347307
47200.000000,4.951635,2.458500,2.493135,50.349731
47251.000000,4.951875,2.458500,2.493375,50.352144
47302.000000,4.952115,2.458500,2.493615,50.354544
47352.000000,4.952353,2.458500,2.493853,50.356933
47403.000000,4.952590,2.458500,2.494090,50.359309
47455.000000,4.952826,2.458500,2.494326,50.361673
47505.000000,4.953061,2.458500,2.494561,50.364025
47556.000000,4.953294,2.458500,2.494794,50.366365
47607.000000,4.953527,2.458500,2.495027,50.368693
47657.000000,4.953758,2.458500,2.495258,50.371010
47709.000000,4.953988,2.458500,2.495488,50.373315
47759.000000,4.954217,2.458500,2.495717,50.375608
47810.000000,4.954445,2.458500,2.495945,50.377889
47861.000000,4.954671,2.458500,2.496171,50.380159
47911.000000,4.954897,2.458500,2.496397,50.382417
47963.000000,4.955121,2.458500,2.496621,50.384664
48014.000000,4.955344,2.458500,2.496844,50.386900
48064.000000,4.955567,2.458500,2.497067,50.389124
48115.000000,4.955788,2.458500,2.497288,50.391337
48165.000000,4.956008,2.458500,2.497508,50.393539
48216.000000,4.956226,2.458500,2.497726,50.395729
48268.000000,4.956444,2.458500,2.497944,50.397909
48318.000000,4.956661,2.458500,2.498161,50.400077
48369.000000,4.956877,2.458500,2.498377,50.402235
48420.000000,4.957091,2.458500,2.498591,50.404382
48470.000000,4.957305,2.458500,2.498805,50.406517
48522.000000,4.957517,2.458500,2.499017,50.408642
48573.000000,4.957728,2.458500,2.499228,50.410756
48623.000000,4.957939,2.458500,2.499439,50.412860
48674.000000,4.958148,2.458500,2.499648,50.414953
48724.000000,4.958356,2.458500,2.499856,50.417035
48776.000000,4.958563,2.458500,2.500063,50.419107
48827.000000,4.958770,2.458500,2.500270,50.421168
48877.000000,4.958975,2.458500,2.500475,50.423219
48928.000000,4.959179,2.453600,2.505579,50.524066
48979.000000,4.959382,2.453600,2.505782,50.526092
49030.000000,4.959584,2.453600,2.505984,50.528108
49081.000000,4.959785,2.453600,2.506185,50.530114
49131.000000,4.959985,2.458500,2.501485,50.433318
49182.000000,4.960184,2.458500,2.501684,50.435308
49233.000000,4.960382,2.458500,2.501882,50.437287
49283.000000,4.960579,2.458500,2.502079,50.439256
49335.000000,4.960775,2.458500,2.502275,50.441216
49386.000000,4.960971,2.458500,2.502471,50.443165
49436.000000,4.961165,2.458500,2.502665,50.445105
49487.000000,4.961358,2.458500,2.502858,50.447035
49537.000000,4.961550,2.458500,2.503050,50.448955
49589.000000,4.961742,2.453600,2.508142,50.549621
49640.000000,4.961932,2.458500,2.503432,50.452766
49690.000000,4.962121,2.453600,2.508521,50.553405
49741.000000,4.962310,2.453600,2.508710,50.555283
49792.000000,4.962497,2.453600,2.508897,50.557151
49843.000000,4.962684,2.453600,2.509084,50.559010
49894.000000,4.962869,2.453600,2.509269,50.560860
49945.000000,4.963054,2.453600,2.509454,50.562700
49995.000000,4.963238,2.453600,2.509638,50.564531
50046.000000,4.963421,2.453600,2.509821,50.566352
50097.000000,4.963603,2.453600,2.510003,50.568165
50148.000000,4.963784,2.453600,2.510184,50.569968
50199.000000,4.963964,2.453600,2.510364,50.571762
50249.000000,4.964143,2.453600,2.510543,50.573547
50300.000000,4.964322,2.453600,2.510722,50.575323
50352.000000,4.964499,2.453600,2.510899,50.577091
50402.000000,4.964676,2.453600,2.511076,50.578849
50453.000000,4.964852,2.453600,2.511252,50.580598
50503.000000,4.965027,2.453600,2.511427,50.582339
50554.000000,4.965201,2.453600,2.511601,50.584070
50605.000000,4.965374,2.453600,2.511774,50.585793
50656.000000,4.965546,2.453600,2.511946,50.587508
50707.000000,4.965717,2.453600,2.512117,50.589214
50758.000000,4.965888,2.453600,2.512288,50.590911
50808.000000,4.966058,2.453600,2.512458,50.592599
50859.000000,4.966226,2.453600,2.512626,50.594279
50911.000000,4.966395,2.448700,2.517695,50.694614
50961.000000,4.966562,2.448700,2.517862,50.696274
51012.000000,4.966728,2.448700,2.518028,50.697925
51062.000000,4.966894,2.448700,2.518194,50.699568
51113.000000,4.967058,2.453600,2.513458,50.602553
51165.000000,4.967222,2.448700,2.518522,50.702829
51215.000000,4.967385,2.448700,2.518685,50.704448
51266.000000,4.967548,2.448700,2.518848,50.706058
51317.000000,4.967709,2.453600,2.514109,50.609023
51367.000000,4.967870,2.453600,2.514270,50.610620
51419.000000,4.968029,2.453600,2.514429,50.612210
51469.000000,4.968189,2.453600,2.514589,50.613791
51520.000000,4.968347,2.453600,2.514747,50.615364
51571.000000,4.968504,2.453600,2.514904,50.616929
51621.000000,4.968661,2.453600,2.515061,50.618487
51672.000000,4.968817,2.453600,2.515217,50.620036
51724.000000,4.968972,2.453600,2.515372,50.621578
51774.000000,4.969126,2.448700,2.520426,50.721721
51825.000000,4.969280,2.448700,2.520580,50.723244
51875.000000,4.969433,2.448700,2.520733,50.724759
51926.000000,4.969585,2.448700,2.520885,50.726267
51978.000000,4.969736,2.448700,2.521036,50.727767
52028.000000,4.969887,2.448700,2.521187,50.729260
52079.000000,4.970037,2.448700,2.521337,50.730745
52130.000000,4.970186,2.448700,2.521486,50.732223
52180.000000,4.970334,2.448700,2.521634,50.733693
52232.000000,4.970482,2.448700,2.521782,50.735156
52282.000000,4.970628,2.448700,2.521928,50.736612
52333.000000,4.970775,2.448700,2.522075,50.738060
52384.000000,4.970920,2.448700,2.522220,50.739501
52434.000000,4.971065,2.448700,2.522365,50.740935
52486.000000,4.971209,2.448700,2.522509,50.742361
52537.000000,4.971352,2.448700,2.522652,50.743780
52587.000000,4.971494,2.448700,2.522794,50.745193
52638.000000,4.971636,2.448700,2.522936,50.746598
52688.000000,4.971777,2.448700,2.523077,50.747996
52739.000000,4.971918,2.448700,2.523218,50.749386
52791.000000,4.972057,2.448700,2.523357,50.750770
52841.000000,4.972196,2.448700,2.523496,50.752147
52892.000000,4.972335,2.448700,2.523635,50.753517
52943.000000,4.972472,2.448700,2.523772,50.754880
52993.000000,4.972609,2.448700,2.523909,50.756237
53045.000000,4.972746,2.448700,2.524046,50.757586
53096.000000,4.972881,2.448700,2.524181,50.758929
53146.000000,4.973016,2.448700,2.524316,50.760265
53197.000000,4.973150,2.448700,2.524450,50.761594
53247.000000,4.973284,2.448700,2.524584,50.762917
53299.000000,4.973417,2.448700,2.524717,50.764232
53350.000000,4.973549,2.448700,2.524849,50.765542
53400.000000,4.973681,2.448700,2.524981,50.766844
53451.000000,4.973812,2.448700,2.525112,50.768140
53502.000000,4.973942,2.448700,2.525242,50.769430
53553.000000,4.974072,2.448700,2.525372,50.770713
53604.000000,4.974201,2.448700,2.525501,50.771990
53654.000000,4.974329,2.448700,2.525629,50.773260
53705.000000,4.974457,2.448700,2.525757,50.774524
53756.000000,4.974584,2.448700,2.525884,50.775781
53807.000000,4.974710,2.448700,2.526010,50.777033
53858.000000,4.974836,2.448700,2.526136,50.778278
53909.000000,4.974961,2.448700,2.526261,50.779516
53959.000000,4.975086,2.443800,2.531286,50.879239
54010.000000,4.975210,2.448700,2.526510,50.781975
54060.000000,4.975333,2.443800,2.531533,50.881681
54112.000000,4.975456,2.443800,2.531656,50.882892
54163.000000,4.975578,2.443800,2.531778,50.884098
54213.000000,4.975699,2.443800,2.531899,50.885297
54264.000000,4.975820,2.443800,2.532020,50.886491
54315.000000,4.975941,2.443800,2.532141,50.887678
54366.000000,4.976060,2.443800,2.532260,50.888859
54417.000000,4.976179,2.443800,2.532379,50.890035
54467.000000,4.976298,2.443800,2.532498,50.891204
54518.000000,4.976416,2.443800,2.532616,50.892368
54569.000000,4.976533,2.443800,2.532733,50.893526
54620.000000,4.976650,2.448700,2.527950,50.796218
54671.000000,4.976766,2.448700,2.528066,50.797367
54722.000000,4.976882,2.448700,2.528182,50.798509
54772.000000,4.976997,2.448700,2.528297,50.799646
54823.000000,4.977111,2.448700,2.528411,50.800778
54874.000000,4.977225,2.443800,2.533425,50.900352
54925.000000,4.977338,2.443800,2.533538,50.901469
54976.000000,4.977451,2.443800,2.533651,50.902582
55026.000000,4.977563,2.443800,2.533763,50.903688
55077.000000,4.977675,2.443800,2.533875,50.904789
55128.000000,4.977786,2.443800,2.533986,50.905885
55179.000000,4.977897,2.443800,2.534097,50.906975
55230.000000,4.978006,2.443800,2.534206,50.908059
55280.000000,4.978116,2.443800,2.534316,50.909138
55331.000000,4.978225,2.443800,2.534425,50.910212
55382.000000,4.978333,2.443800,2.534533,50.911280
55433.000000,4.978441,2.443800,2.534641,50.912343
55484.000000,4.978548,2.443800,2.534748,50.913400
55535.000000,4.978655,2.443800,2.534855,50.914453
55585.000000,4.978761,2.443800,2.534961,50.915500
55636.000000,4.978867,2.443800,2.535067,50.916541
55687.000000,4.978972,2.443800,2.535172,50.917578
55738.000000,4.979077,2.443800,2.535277,50.918609
55789.000000,4.979181,2.443800,2.535381,50.919635
55839.000000,4.979284,2.443800,2.535484,50.920656
55890.000000,4.979387,2.443800,2.535587,50.921672
55942.000000,4.979490,2.443800,2.535690,50.922683
55992.000000,4.979592,2.443800,2.535792,50.923689
56043.000000,4.979693,2.443800,2.535893,50.924689
56094.000000,4.979794,2.443800,2.535994,50.925685
56144.000000,4.979895,2.443800,2.536095,50.926675
56195.000000,4.979995,2.443800,2.536195,50.927661
56246.000000,4.980094,2.443800,2.536294,50.928642
56297.000000,4.980194,2.443800,2.536394,50.929618
56348.000000,4.980292,2.443800,2.536492,50.930588
56398.000000,4.980390,2.443800,2.536590,50.931555
56449.000000,4.980488,2.443800,2.536688,50.932516
56501.000000,4.980585,2.443800,2.536785,50.933472
56551.000000,4.980681,2.443800,2.536881,50.934424
56602.000000,4.980777,2.443800,2.536977,50.935370
56652.000000,4.980873,2.443800,2.537073,50.936313
56703.000000,4.980968,2.443800,2.537168,50.937250
56755.000000,4.981063,2.443800,2.537263,50.938183
56805.000000,4.981157,2.443800,2.537357,50.939110
56856.000000,4.981251,2.443800,2.537451,50.940034
56907.000000,4.981344,2.443800,2.537544,50.940952
56957.000000,4.981437,2.443800,2.537637,50.941867
57009.000000,4.981529,2.443800,2.537729,50.942776
57059.000000,4.981621,2.443800,2.537821,50.943681
57110.000000,4.981713,2.443800,2.537913,50.944581
57161.000000,4.981804,2.443800,2.538004,50.945477
57211.000000,4.981894,2.443800,2.538094,50.946369
57263.000000,4.981984,2.443800,2.538184,50.947256
57314.000000,4.982074,2.443800,2.538274,50.948138
57364.000000,4.982163,2.443800,2.538363,50.949016
57415.000000,4.982252,2.443800,2.538452,50.949890
57465.000000,4.982340,2.443800,2.538540,50.950759
57516.000000,4.982428,2.443800,2.538628,50.951624
57568.000000,4.982515,2.443800,2.538715,50.952485
57618.000000,4.982602,2.443800,2.538802,50.953341
57669.000000,4.982689,2.443800,2.538889,50.954193
57720.000000,4.982775,2.443800,2.538975,50.955041
57770.000000,4.982861,2.443800,2.539061,50.955884
57822.000000,4.982946,2.443800,2.539146,50.956723
57872.000000,4.983031,2.438900,2.544131,51.055892
57923.000000,4.983115,2.438900,2.544215,51.056721
57974.000000,4.983199,2.438900,2.544299,51.057546
58024.000000,4.983283,2.438900,2.544383,51.058367
58076.000000,4.983366,2.438900,2.544466,51.059184
58127.000000,4.983449,2.438900,2.544549,51.059997
58177.000000,4.983531,2.438900,2.544631,51.060806
58228.000000,4.983613,2.438900,2.544713,51.061610
58279.000000,4.983695,2.438900,2.544795,51.062411
58330.000000,4.983776,2.438900,2.544876,51.063207
58381.000000,4.983856,2.438900,2.544956,51.064000
58431.000000,4.983937,2.443800,2.540137,50.966473
58482.000000,4.984017,2.438900,2.545117,51.065573
58533.000000,4.984096,2.438900,2.545196,51.066354
58583.000000,4.984175,2.438900,2.545275,51.067131
58635.000000,4.984254,2.438900,2.545354,51.067904
58686.000000,4.984332,2.438900,2.545432,51.068673
58736.000000,4.984410,2.438900,2.545510,51.069438
58787.000000,4.984488,2.438900,2.545588,51.070199
58837.000000,4.984565,2.438900,2.545665,51.070957
58889.000000,4.984642,2.438900,2.545742,51.071711
58940.000000,4.984718,2.438900,2.545818,51.072461
58990.000000,4.984794,2.438900,2.545894,51.073207
59041.000000,4.984870,2.438900,2.545970,51.073949
59092.000000,4.984945,2.438900,2.546045,51.074688
59143.000000,4.985020,2.438900,2.546120,51.075423
59194.000000,4.985095,2.438900,2.546195,51.076155
59244.000000,4.985169,2.438900,2.546269,51.076882
59295.000000,4.985243,2.438900,2.546343,51.077607
59346.000000,4.985316,2.438900,2.546416,51.078327
59397.000000,4.985389,2.438900,2.546489,51.079044
59448.000000,4.985462,2.438900,2.546562,51.079757
59499.000000,4.985534,2.438900,2.546634,51.080467
59549.000000,4.985606,2.438900,2.546706,51.081173
59600.000000,4.985678,2.438900,2.546778,51.081876
59650.000000,4.985749,2.438900,2.546849,51.082575
59702.000000,4.985820,2.438900,2.546920,51.083271
59753.000000,4.985890,2.438900,2.546990,51.083963
59803.000000,4.985961,2.438900,2.547061,51.084651
59854.000000,4.986030,2.438900,2.547130,51.085337
59905.000000,4.986100,2.438900,2.547200,51.086018
59956.000000,4.986169,2.438900,2.547269,51.086697
60007.000000,4.986238,2.438900,2.547338,51.087372
60057.000000,4.986306,2.438900,2.547406,51.088043
60108.000000,4.986374,2.438900,2.547474,51.088712
60159.000000,4.986442,2.438900,2.547542,51.089377
60210.000000,4.986510,2.438900,2.547610,51.090038
60261.000000,4.986577,2.438900,2.547677,51.090697
60312.000000,4.986644,2.438900,2.547744,51.091352
60362.000000,4.986710,2.438900,2.547810,51.092003
60413.000000,4.986776,2.438900,2.547876,51.092652
60464.000000,4.986842,2.438900,2.547942,51.093297
60515.000000,4.986907,2.438900,2.548007,51.093939
60566.000000,4.986973,2.438900,2.548073,51.094578
60616.000000,4.987037,2.438900,2.548137,51.095213
60667.000000,4.987102,2.438900,2.548202,51.095846
60719.000000,4.987166,2.438900,2.548266,51.096475
60769.000000,4.987230,2.438900,2.548330,51.097101
60820.000000,4.987293,2.438900,2.548393,51.097724
60870.000000,4.987357,2.438900,2.548457,51.098344
60921.000000,4.987420,2.434000,2.553420,51.197208
60972.000000,4.987482,2.434000,2.553482,51.197820
61023.000000,4.987544,2.434000,2.553544,51.198430
61074.000000,4.987606,2.434000,2.553606,51.199036
61125.000000,4.987668,2.434000,2.553668,51.199639
61175.000000,4.987729,2.438900,2.548829,51.101998
61226.000000,4.987790,2.438900,2.548890,51.102597
61277.000000,4.987851,2.434000,2.553851,51.201431
61328.000000,4.987912,2.438900,2.549012,51.103785
61379.000000,4.987972,2.438900,2.549072,51.104375
61429.000000,4.988032,2.438900,2.549132,51.104961
61480.000000,4.988091,2.438900,2.549191,51.105545
61532.000000,4.988150,2.438900,2.549250,51.106126
61582.000000,4.988209,2.438900,2.549309,51.106703
61633.000000,4.988268,2.438900,2.549368,51.107278
61683.000000,4.988326,2.438900,2.549426,51.107850
61734.000000,4.988384,2.438900,2.549484,51.108420
61786.000000,4.988442,2.438900,2.549542,51.108986
61836.000000,4.988500,2.438900,2.549600,51.109550
61887.000000,4.988557,2.434000,2.554557,51.208335
61938.000000,4.988614,2.434000,2.554614,51.208892
61988.000000,4.988671,2.434000,2.554671,51.209446
62039.000000,4.988727,2.434000,2.554727,51.209997
62090.000000,4.988783,2.434000,2.554783,51.210546
62141.000000,4.988839,2.434000,2.554839,51.211092
62192.000000,4.988894,2.434000,2.554894,51.211635
62242.000000,4.988950,2.434000,2.554950,51.212175
62293.000000,4.989005,2.438900,2.550105,51.114497
62345.000000,4.989059,2.434000,2.555059,51.213247
62395.000000,4.989114,2.438900,2.550214,51.115566
62446.000000,4.989168,2.438900,2.550268,51.116097
62496.000000,4.989222,2.438900,2.550322,51.116625
62547.000000,4.989275,2.438900,2.550375,51.117150
62599.000000,4.989329,2.438900,2.550429,51.117673
62649.000000,4.989382,2.438900,2.550482,51.118193
62700.000000,4.989435,2.438900,2.550535,51.118710
62751.000000,4.989487,2.438900,2.550587,51.119225
62801.000000,4.989540,2.438900,2.550640,51.119738
62853.000000,4.989592,2.438900,2.550692,51.120248
62904.000000,4.989643,2.434000,2.555643,51.218958
62954.000000,4.989695,2.434000,2.555695,51.219462
63005.000000,4.989746,2.434000,2.555746,51.219963
63055.000000,4.989797,2.434000,2.555797,51.220462
63106.000000,4.989848,2.434000,2.555848,51.220958
63158.000000,4.989898,2.434000,2.555898,51.221452
63208.000000,4.989949,2.434000,2.555949,51.221943
63259.000000,4.989999,2.434000,2.555999,51.222432
63310.000000,4.990048,2.434000,2.556048,51.222918
63360.000000,4.990098,2.434000,2.556098,51.223402
63412.000000,4.990147,2.434000,2.556147,51.223884
63462.000000,4.990196,2.434000,2.556196,51.224363
63513.000000,4.990245,2.434000,2.556245,51.224840
63564.000000,4.990294,2.434000,2.556294,51.225314
63614.000000,4.990342,2.434000,2.556342,51.225786
63666.000000,4.990390,2.434000,2.556390,51.226256
63717.000000,4.990438,2.434000,2.556438,51.226723
63767.000000,4.990485,2.434000,2.556485,51.227188
63818.000000,4.990533,2.434000,2.556533,51.227651
63868.000000,4.990580,2.434000,2.556580,51.228111
63920.000000,4.990627,2.434000,2.556627,51.228569
63971.000000,4.990673,2.434000,2.556673,51.229025
64021.000000,4.990720,2.434000,2.556720,51.229478
64072.000000,4.990766,2.434000,2.556766,51.229929
64122.000000,4.990812,2.434000,2.556812,51.230378
64173.000000,4.990857,2.434000,2.556857,51.230825
64225.000000,4.990903,2.434000,2.556903,51.231269
64275.000000,4.990948,2.434000,2.556948,51.231712
64326.000000,4.990993,2.434000,2.556993,51.232152
64377.000000,4.991038,2.434000,2.557038,51.232590
64427.000000,4.991083,2.434000,2.557083,51.233025
64479.000000,4.991127,2.434000,2.557127,51.233459
64529.000000,4.991171,2.434000,2.557171,51.233890
64580.000000,4.991215,2.434000,2.557215,51.234319
64631.000000,4.991259,2.434000,2.557259,51.234746
64681.000000,4.991302,2.434000,2.557302,51.235171
64733.000000,4.991346,2.434000,2.557346,51.235594
64784.000000,4.991389,2.434000,2.557389,51.236014
64834.000000,4.991431,2.434000,2.557431,51.236433
64885.000000,4.991474,2.434000,2.557474,51.236850
64935.000000,4.991516,2.434000,2.557516,51.237264
64987.000000,4.991559,2.434000,2.557559,51.237676
65038.000000,4.991601,2.434000,2.557601,51.238086
65088.000000,4.991642,2.434000,2.557642,51.238495
65139.000000,4.991684,2.434000,2.557684,51.238901
65190.000000,4.991725,2.434000,2.557725,51.239305
65240.000000,4.991767,2.434000,2.557767,51.239707
65292.000000,4.991808,2.434000,2.557808,51.240107
65342.000000,4.991848,2.434000,2.557848,51.240505
65393.000000,4.991889,2.434000,2.557889,51.240902
65444.000000,4.991929,2.434000,2.557929,51.241296
65494.000000,4.991969,2.434000,2.557969,51.241688
65546.000000,4.992009,2.434000,2.558009,51.242078
65597.000000,4.992049,2.434000,2.558049,51.242466
65647.000000,4.992089,2.434000,2.558089,51.242853
65698.000000,4.992128,2.434000,2.558128,51.243237
65748.000000,4.992167,2.434000,2.558167,51.243620
65800.000000,4.992206,2.434000,2.558206,51.244000
65851.000000,4.992245,2.434000,2.558245,51.244379
65901.000000,4.992283,2.434000,2.558283,51.244756
65952.000000,4.992322,2.434000,2.558322,51.245131
66003.000000,4.992360,2.434000,2.558360,51.245504
66054.000000,4.992398,2.434000,2.558398,51.245875
66105.000000,4.992436,2.434000,2.558436,51.246244
66155.000000,4.992474,2.434000,2.558474,51.246612
66206.000000,4.992511,2.434000,2.558511,51.246977
66257.000000,4.992548,2.434000,2.558548,51.247341
66307.000000,4.992585,2.434000,2.558585,51.247703
66359.000000,4.992622,2.434000,2.558622,51.248064
66410.000000,4.992659,2.434000,2.558659,51.248422
66460.000000,4.992695,2.434000,2.558695,51.248779
66511.000000,4.992732,2.434000,2.558732,51.249133
66561.000000,4.992768,2.434000,2.558768,51.249487
66613.000000,4.992804,2.434000,2.558804,51.249838
66664.000000,4.992840,2.434000,2.558840,51.250187
66714.000000,4.992875,2.434000,2.558875,51.250535
66765.000000,4.992911,2.434000,2.558911,51.250881
66815.000000,4.992946,2.434000,2.558946,51.251226
66867.000000,4.992981,2.434000,2.558981,51.251568
66918.000000,4.993016,2.434000,2.559016,51.251909
66968.000000,4.993051,2.434000,2.559051,51.252248
67019.000000,4.993085,2.434000,2.559085,51.252586
67070.000000,4.993120,2.434000,2.559120,51.252922
67121.000000,4.993154,2.434000,2.559154,51.253256
67172.000000,4.993188,2.434000,2.559188,51.253589
67222.000000,4.993222,2.434000,2.559222,51.253919
67273.000000,4.993256,2.434000,2.559256,51.254249
67324.000000,4.993289,2.434000,2.559289,51.254576
67375.000000,4.993323,2.434000,2.559323,51.254902
67426.000000,4.993356,2.434000,2.559356,51.255226
67477.000000,4.993389,2.429100,2.564289,51.353679
67527.000000,4.993422,2.429100,2.564322,51.353999
67578.000000,4.993455,2.434000,2.559455,51.256190
67628.000000,4.993487,2.434000,2.559487,51.256508
67680.000000,4.993519,2.434000,2.559519,51.256824
67731.000000,4.993552,2.434000,2.559552,51.257139
67781.000000,4.993584,2.434000,2.559584,51.257452
67832.000000,4.993616,2.434000,2.559616,51.257763
67883.000000,4.993647,2.434000,2.559647,51.258073
67934.000000,4.993679,2.434000,2.559679,51.258382
67985.000000,4.993711,2.434000,2.559711,51.258689
68035.000000,4.993742,2.434000,2.559742,51.258994
68086.000000,4.993773,2.434000,2.559773,51.259298
68137.000000,4.993804,2.434000,2.559804,51.259600
68188.000000,4.993835,2.434000,2.559835,51.259901
68239.000000,4.993865,2.434000,2.559865,51.260201
68290.000000,4.993896,2.434000,2.559896,51.260498
68340.000000,4.993926,2.429100,2.564826,51.358914
68391.000000,4.993957,2.429100,2.564857,51.359208
68442.000000,4.993987,2.429100,2.564887,51.359501
68493.000000,4.994017,2.429100,2.564917,51.359793
68544.000000,4.994046,2.429100,2.564946,51.360083
68594.000000,4.994076,2.429100,2.564976,51.360371
68645.000000,4.994105,2.429100,2.565005,51.360658
68696.000000,4.994135,2.429100,2.565035,51.360944
68747.000000,4.994164,2.429100,2.565064,51.361228
68798.000000,4.994193,2.429100,2.565093,51.361511
68849.000000,4.994222,2.429100,2.565122,51.361792
68899.000000,4.994251,2.429100,2.565151,51.362072
68950.000000,4.994279,2.429100,2.565179,51.362351
69001.000000,4.994308,2.429100,2.565208,51.362628
69052.000000,4.994336,2.429100,2.565236,51.362904
69103.000000,4.994364,2.429100,2.565264,51.363178
69153.000000,4.994392,2.429100,2.565292,51.363451
69204.000000,4.994420,2.429100,2.565320,51.363723
69256.000000,4.994448,2.429100,2.565348,51.363993
69306.000000,4.994475,2.429100,2.565375,51.364262
69357.000000,4.994503,2.429100,2.565403,51.364530
69407.000000,4.994530,2.429100,2.565430,51.364796
69458.000000,4.994558,2.429100,2.565458,51.365061
69510.000000,4.994585,2.429100,2.565485,51.365325
69560.000000,4.994612,2.429100,2.565512,51.365587
69611.000000,4.994638,2.429100,2.565538,51.365848
69662.000000,4.994665,2.429100,2.565565,51.366108
69712.000000,4.994692,2.429100,2.565592,51.366366
69763.000000,4.994718,2.429100,2.565618,51.366623
69814.000000,4.994744,2.429100,2.565644,51.366879
69865.000000,4.994770,2.429100,2.565670,51.367134
69916.000000,4.994796,2.429100,2.565696,51.367387
69966.000000,4.994822,2.429100,2.565722,51.367639
70017.000000,4.994848,2.429100,2.565748,51.367890
70069.000000,4.994874,2.429100,2.565774,51.368140
70119.000000,4.994899,2.429100,2.565799,51.368388
70170.000000,4.994925,2.429100,2.565825,51.368635
70221.000000,4.994950,2.429100,2.565850,51.368881
70271.000000,4.994975,2.429100,2.565875,51.369125
70323.000000,4.995000,2.429100,2.565900,51.369369
70373.000000,4.995025,2.429100,2.565925,51.369611
70424.000000,4.995050,2.429100,2.565950,51.369852
70475.000000,4.995074,2.429100,2.565974,51.370092
70525.000000,4.995099,2.429100,2.565999,51.370330
70577.000000,4.995123,2.429100,2.566023,51.370568
70628.000000,4.995147,2.429100,2.566047,51.370804
70678.000000,4.995172,2.429100,2.566072,51.371039
70729.000000,4.995196,2.429100,2.566096,51.371273
70779.000000,4.995219,2.429100,2.566119,51.371506
70831.000000,4.995243,2.429100,2.566143,51.371737
70882.000000,4.995267,2.429100,2.566167,51.371968
70932.000000,4.995290,2.429100,2.566190,51.372197
70983.000000,4.995314,2.429100,2.566214,51.372425
71034.000000,4.995337,2.429100,2.566237,51.372652
71084.000000,4.995360,2.429100,2.566260,51.372878
71136.000000,4.995383,2.429100,2.566283,51.373102
71187.000000,4.995406,2.429100,2.566306,51.373326
71237.000000,4.995429,2.429100,2.566329,51.373548
71288.000000,4.995452,2.429100,2.566352,51.373770
71338.000000,4.995475,2.429100,2.566375,51.373990
71390.000000,4.995497,2.429100,2.566397,51.374209
71441.000000,4.995520,2.429100,2.566420,51.374427
71491.000000,4.995542,2.429100,2.566442,51.374644
71542.000000,4.995564,2.429100,2.566464,51.374860
71593.000000,4.995586,2.429100,2.566486,51.375075
71644.000000,4.995608,2.429100,2.566508,51.375289
71695.000000,4.995630,2.429100,2.566530,51.375501
71745.000000,4.995652,2.429100,2.566552,51.375713
71796.000000,4.995673,2.424200,2.571473,51.474008
71847.000000,4.995695,2.429100,2.566595,51.376133
71898.000000,4.995716,2.429100,2.566616,51.376341
71949.000000,4.995738,2.429100,2.566638,51.376549
72000.000000,4.995759,2.429100,2.566659,51.376755
72050.000000,4.995780,2.429100,2.566680,51.376961
72101.000000,4.995801,2.429100,2.566701,51.377165
72151.000000,4.995822,2.429100,2.566722,51.377368
72203.000000,4.995843,2.429100,2.566743,51.377571
72254.000000,4.995863,2.429100,2.566763,51.377772
72304.000000,4.995884,2.429100,2.566784,51.377972
72355.000000,4.995904,2.429100,2.566804,51.378172
72406.000000,4.995925,2.429100,2.566825,51.378370
72457.000000,4.995945,2.429100,2.566845,51.378567
72508.000000,4.995965,2.429100,2.566865,51.378764
72559.000000,4.995985,2.429100,2.566885,51.378959
72609.000000,4.996005,2.429100,2.566905,51.379153
72660.000000,4.996025,2.429100,2.566925,51.379347
72711.000000,4.996045,2.429100,2.566945,51.379539
72762.000000,4.996064,2.424200,2.571864,51.477808
72813.000000,4.996084,2.429100,2.566984,51.379921
72863.000000,4.996104,2.429100,2.567004,51.380111
72914.000000,4.996123,2.429100,2.567023,51.380299
72966.000000,4.996142,2.429100,2.567042,51.380487
73016.000000,4.996161,2.429100,2.567061,51.380674
73067.000000,4.996180,2.429100,2.567080,51.380860
73117.000000,4.996199,2.429100,2.567099,51.381045
73168.000000,4.996218,2.429100,2.567118,51.381229
73219.000000,4.996237,2.429100,2.567137,51.381412
73270.000000,4.996256,2.429100,2.567156,51.381594
73321.000000,4.996275,2.429100,2.567175,51.381775
73372.000000,4.996293,2.429100,2.567193,51.381956
73422.000000,4.996312,2.429100,2.567212,51.382135
73473.000000,4.996330,2.429100,2.567230,51.382314
73525.000000,4.996348,2.429100,2.567248,51.382491
73575.000000,4.996366,2.429100,2.567266,51.382668
73626.000000,4.996384,2.429100,2.567284,51.382844
73676.000000,4.996402,2.424200,2.572202,51.481090
73727.000000,4.996420,2.424200,2.572220,51.481263
73779.000000,4.996438,2.424200,2.572238,51.481436
73829.000000,4.996456,2.424200,2.572256,51.481608
73880.000000,4.996473,2.424200,2.572273,51.481780
73931.000000,4.996491,2.424200,2.572291,51.481950
73981.000000,4.996508,2.424200,2.572308,51.482119
74033.000000,4.996526,2.424200,2.572326,51.482288
74083.000000,4.996543,2.424200,2.572343,51.482456
74134.000000,4.996560,2.424200,2.572360,51.482623
74185.000000,4.996577,2.424200,2.572377,51.482789
74235.000000,4.996594,2.424200,2.572394,51.482955
74287.000000,4.996611,2.424200,2.572411,51.483119
74338.000000,4.996628,2.429100,2.567528,51.385217
74388.000000,4.996645,2.429100,2.567545,51.385380
74439.000000,4.996662,2.429100,2.567562,51.385542
74489.000000,4.996678,2.429100,2.567578,51.385704
74540.000000,4.996695,2.429100,2.567595,51.385865
74592.000000,4.996711,2.429100,2.567611,51.386025
74642.000000,4.996728,2.429100,2.567628,51.386184
74693.000000,4.996744,2.429100,2.567644,51.386342
74744.000000,4.996760,2.424200,2.572560,51.484563
74794.000000,4.996776,2.424200,2.572576,51.484720
74846.000000,4.996792,2.424200,2.572592,51.484876
74897.000000,4.996808,2.424200,2.572608,51.485030
74947.000000,4.996824,2.424200,2.572624,51.485185
74998.000000,4.996840,2.424200,2.572640,51.485338
75048.000000,4.996856,2.424200,2.572656,51.485491
75100.000000,4.996871,2.424200,2.572671,51.485643
75151.000000,4.996887,2.424200,2.572687,51.485794
75201.000000,4.996902,2.424200,2.572702,51.485944
75252.000000,4.996918,2.424200,2.572718,51.486094
75303.000000,4.996933,2.424200,2.572733,51.486243
75354.000000,4.996948,2.429100,2.567848,51.388331
75405.000000,4.996964,2.424200,2.572764,51.486538
75455.000000,4.996979,2.429100,2.567879,51.388626
75506.000000,4.996994,2.429100,2.567894,51.388772
75557.000000,4.997009,2.429100,2.567909,51.388917
75607.000000,4.997024,2.429100,2.567924,51.389062
75659.000000,4.997038,2.429100,2.567938,51.389206
75710.000000,4.997053,2.424200,2.572853,51.487407
75760.000000,4.997068,2.424200,2.572868,51.487550
75811.000000,4.997082,2.424200,2.572882,51.487691
75862.000000,4.997097,2.424200,2.572897,51.487832
75913.000000,4.997111,2.424200,2.572911,51.487972
75964.000000,4.997126,2.424200,2.572926,51.488112
76014.000000,4.997140,2.424200,2.572940,51.488251
76065.000000,4.997154,2.424200,2.572954,51.488389
76116.000000,4.997168,2.424200,2.572968,51.488526
76167.000000,4.997182,2.424200,2.572982,51.488663
76218.000000,4.997196,2.424200,2.572996,51.488799
76269.000000,4.997210,2.424200,2.573010,51.488934
76319.000000,4.997224,2.424200,2.573024,51.489069
76370.000000,4.997238,2.424200,2.573038,51.489203
76421.000000,4.997252,2.424200,2.573052,51.489337
76472.000000,4.997265,2.424200,2.573065,51.489469
76523.000000,4.997279,2.424200,2.573079,51.489601
76573.000000,4.997293,2.424200,2.573093,51.489733
76624.000000,4.997306,2.424200,2.573106,51.489864
76675.000000,4.997319,2.424200,2.573119,51.489994
76726.000000,4.997333,2.424200,2.573133,51.490123
76777.000000,4.997346,2.424200,2.573146,51.490252
76827.000000,4.997359,2.424200,2.573159,51.490380
76878.000000,4.997372,2.424200,2.573172,51.490508
76929.000000,4.997386,2.424200,2.573186,51.490635
76980.000000,4.997399,2.424200,2.573199,51.490761
77031.000000,4.997411,2.424200,2.573211,51.490886
77082.000000,4.997424,2.424200,2.573224,51.491011
77132.000000,4.997437,2.424200,2.573237,51.491136
77183.000000,4.997450,2.424200,2.573250,51.491260
77235.000000,4.997463,2.424200,2.573263,51.491383
77285.000000,4.997475,2.424200,2.573275,51.491505
77336.000000,4.997488,2.424200,2.573288,51.491627
77386.000000,4.997500,2.424200,2.573300,51.491749
77437.000000,4.997513,2.424200,2.573313,51.491869
77489.000000,4.997525,2.424200,2.573325,51.491989
77539.000000,4.997537,2.424200,2.573337,51.492109
77590.000000,4.997550,2.424200,2.573350,51.492228
77641.000000,4.997562,2.424200,2.573362,51.492346
77691.000000,4.997574,2.424200,2.573374,51.492464
77743.000000,4.997586,2.424200,2.573386,51.492581
77793.000000,4.997598,2.424200,2.573398,51.492698
77844.000000,4.997610,2.424200,2.573410,51.492814
77895.000000,4.997622,2.424200,2.573422,51.492929
77945.000000,4.997634,2.424200,2.573434,51.493044
77996.000000,4.997645,2.424200,2.573445,51.493158
78048.000000,4.997657,2.424200,2.573457,51.493272
78098.000000,4.997669,2.424200,2.573469,51.493385
78149.000000,4.997680,2.424200,2.573480,51.493497
78200.000000,4.997692,2.424200,2.573492,51.493609
78250.000000,4.997703,2.424200,2.573503,51.493721
78302.000000,4.997715,2.424200,2.573515,51.493832
78352.000000,4.997726,2.424200,2.573526,51.493942
78403.000000,4.997738,2.424200,2.573538,51.494052
78454.000000,4.997749,2.424200,2.573549,51.494161
78504.000000,4.997760,2.424200,2.573560,51.494270
78556.000000,4.997771,2.424200,2.573571,51.494378
78607.000000,4.997782,2.424200,2.573582,51.494486
78657.000000,4.997793,2.424200,2.573593,51.494593
78708.000000,4.997804,2.424200,2.573604,51.494699
78758.000000,4.997815,2.424200,2.573615,51.494805
78810.000000,4.997826,2.424200,2.573626,51.494911
78861.000000,4.997837,2.424200,2.573637,51.495016
78911.000000,4.997848,2.424200,2.573648,51.495120
78962.000000,4.997858,2.424200,2.573658,51.495224
79013.000000,4.997869,2.424200,2.573669,51.495328
79063.000000,4.997880,2.424200,2.573680,51.495430
79115.000000,4.997890,2.424200,2.573690,51.495533
79165.000000,4.997901,2.424200,2.573701,51.495635
79216.000000,4.997911,2.424200,2.573711,51.495736
79267.000000,4.997922,2.424200,2.573722,51.495837
79317.000000,4.997932,2.424200,2.573732,51.495937
79369.000000,4.997942,2.424200,2.573742,51.496037
79420.000000,4.997952,2.424200,2.573752,51.496137
79470.000000,4.997963,2.424200,2.573763,51.496235
79521.000000,4.997973,2.424200,2.573773,51.496334
79572.000000,4.997983,2.424200,2.573783,51.496432
79623.000000,4.997993,2.424200,2.573793,51.496529
79674.000000,4.998003,2.424200,2.573803,51.496626
79724.000000,4.998013,2.424200,2.573813,51.496722
79775.000000,4.998023,2.424200,2.573823,51.496818
79826.000000,4.998032,2.424200,2.573832,51.496914
79877.000000,4.998042,2.424200,2.573842,51.497009
79928.000000,4.998052,2.424200,2.573852,51.497103
79979.000000,4.998062,2.424200,2.573862,51.497197
80029.000000,4.998071,2.424200,2.573871,51.497291
80080.000000,4.998081,2.424200,2.573881,51.497384
80130.000000,4.998090,2.424200,2.573890,51.497477
80182.000000,4.998100,2.424200,2.573900,51.497569
80233.000000,4.998109,2.424200,2.573909,51.497661
80283.000000,4.998119,2.424200,2.573919,51.497752
80334.000000,4.998128,2.424200,2.573928,51.497843
80385.000000,4.998138,2.424200,2.573938,51.497933
80436.000000,4.998147,2.424200,2.573947,51.498023
80487.000000,4.998156,2.424200,2.573956,51.498112
80537.000000,4.998165,2.424200,2.573965,51.498201
80588.000000,4.998174,2.424200,2.573974,51.498290
80639.000000,4.998183,2.424200,2.573983,51.498378
80690.000000,4.998192,2.424200,2.573992,51.498466
80741.000000,4.998201,2.424200,2.574001,51.498553
80792.000000,4.998210,2.424200,2.574010,51.498640
80842.000000,4.998219,2.424200,2.574019,51.498726
80893.000000,4.998228,2.424200,2.574028,51.498812
80945.000000,4.998237,2.424200,2.574037,51.498898
80995.000000,4.998246,2.424200,2.574046,51.498983
81046.000000,4.998254,2.424200,2.574054,51.499068
81096.000000,4.998263,2.424200,2.574063,51.499152
81147.000000,4.998272,2.419400,2.578872,51.595269
81199.000000,4.998280,2.419400,2.578880,51.595352
81249.000000,4.998289,2.424200,2.574089,51.499402
81300.000000,4.998297,2.424200,2.574097,51.499485
81351.000000,4.998306,2.424200,2.574106,51.499567
81401.000000,4.998314,2.424200,2.574114,51.499649
81452.000000,4.998323,2.424200,2.574123,51.499730
81503.000000,4.998331,2.424200,2.574131,51.499811
81554.000000,4.998339,2.424200,2.574139,51.499892
81605.000000,4.998348,2.424200,2.574148,51.499972
81655.000000,4.998356,2.424200,2.574156,51.500052
81706.000000,4.998364,2.424200,2.574164,51.500131
81758.000000,4.998372,2.424200,2.574172,51.500210
81808.000000,4.998380,2.424200,2.574180,51.500289
81859.000000,4.998388,2.424200,2.574188,51.500367
81910.000000,4.998396,2.419400,2.578996,51.596475
81960.000000,4.998404,2.419400,2.579004,51.596553
82012.000000,4.998412,2.419400,2.579012,51.596630
82062.000000,4.998420,2.419400,2.579020,51.596706
82113.000000,4.998428,2.419400,2.579028,51.596782
82164.000000,4.998436,2.419400,2.579036,51.596858
82214.000000,4.998444,2.419400,2.579044,51.596933
82266.000000,4.998451,2.419400,2.579051,51.597008
82317.000000,4.998459,2.419400,2.579059,51.597083
82367.000000,4.998467,2.419400,2.579067,51.597157
82418.000000,4.998474,2.419400,2.579074,51.597231
82468.000000,4.998482,2.419400,2.579082,51.597304
82519.000000,4.998490,2.419400,2.579090,51.597378
82571.000000,4.998497,2.419400,2.579097,51.597450
82621.000000,4.998504,2.419400,2.579104,51.597523
82672.000000,4.998512,2.419400,2.579112,51.597595
82723.000000,4.998519,2.419400,2.579119,51.597667
82773.000000,4.998527,2.419400,2.579127,51.597738
82825.000000,4.998534,2.419400,2.579134,51.597809
82875.000000,4.998541,2.419400,2.579141,51.597879
82926.000000,4.998549,2.419400,2.579149,51.597950
82977.000000,4.998556,2.419400,2.579156,51.598020
83027.000000,4.998563,2.419400,2.579163,51.598089
83079.000000,4.998570,2.419400,2.579170,51.598158
83130.000000,4.998577,2.419400,2.579177,51.598227
83180.000000,4.998584,2.419400,2.579184,51.598296
83231.000000,4.998591,2.419400,2.579191,51.598364
83282.000000,4.998598,2.419400,2.579198,51.598432
83333.000000,4.998605,2.419400,2.579205,51.598499
83384.000000,4.998612,2.419400,2.579212,51.598567
83434.000000,4.998619,2.419400,2.579219,51.598633
83485.000000,4.998626,2.419400,2.579226,51.598700
83536.000000,4.998633,2.419400,2.579233,51.598766
83586.000000,4.998640,2.419400,2.579240,51.598832
83638.000000,4.998646,2.419400,2.579246,51.598898
83689.000000,4.998653,2.419400,2.579253,51.598963
83739.000000,4.998660,2.419400,2.579260,51.599028
83790.000000,4.998667,2.419400,2.579267,51.599092
83840.000000,4.998673,2.419400,2.579273,51.599156
83892.000000,4.998680,2.419400,2.579280,51.599220
83943.000000,4.998686,2.419400,2.579286,51.599284
83993.000000,4.998693,2.419400,2.579293,51.599347
84044.000000,4.998699,2.419400,2.579299,51.599410
84095.000000,4.998706,2.419400,2.579306,51.599473
84146.000000,4.998712,2.419400,2.579312,51.599535
84197.000000,4.998719,2.419400,2.579319,51.599597
84248.000000,4.998725,2.419400,2.579325,51.599659
84298.000000,4.998731,2.419400,2.579331,51.599720
84349.000000,4.998738,2.419400,2.579338,51.599781
84400.000000,4.998744,2.419400,2.579344,51.599842
84451.000000,4.998750,2.419400,2.579350,51.599903
84502.000000,4.998757,2.419400,2.579357,51.599963
84552.000000,4.998763,2.419400,2.579363,51.600023
84603.000000,4.998769,2.419400,2.579369,51.600082
84655.000000,4.998775,2.419400,2.579375,51.600142
84705.000000,4.998781,2.419400,2.579381,51.600201
84756.000000,4.998787,2.419400,2.579387,51.600260
84806.000000,4.998793,2.419400,2.579393,51.600318
84857.000000,4.998799,2.419400,2.579399,51.600376
84908.000000,4.998805,2.419400,2.579405,51.600434
84959.000000,4.998811,2.419400,2.579411,51.600491
85010.000000,4.998817,2.419400,2.579417,51.600549
85061.000000,4.998823,2.419400,2.579423,51.600606
85111.000000,4.998829,2.419400,2.579429,51.600662
85162.000000,4.998835,2.419400,2.579435,51.600719
85213.000000,4.998840,2.419400,2.579440,51.600775
85264.000000,4.998846,2.419400,2.579446,51.600831
85315.000000,4.998852,2.419400,2.579452,51.600886
85365.000000,4.998858,2.419400,2.579458,51.600942
85416.000000,4.998863,2.419400,2.579463,51.600997
85468.000000,4.998869,2.419400,2.579469,51.601052
85518.000000,4.998875,2.419400,2.579475,51.601106
85569.000000,4.998880,2.419400,2.579480,51.601160
85620.000000,4.998886,2.419400,2.579486,51.601214
85670.000000,4.998891,2.419400,2.579491,51.601268
85722.000000,4.998897,2.419400,2.579497,51.601321
85772.000000,4.998902,2.419400,2.579502,51.601374
85823.000000,4.998908,2.419400,2.579508,51.601427
85874.000000,4.998913,2.419400,2.579513,51.601480
85924.000000,4.998919,2.419400,2.579519,51.601532
85975.000000,4.998924,2.419400,2.579524,51.601584
86027.000000,4.998929,2.419400,2.579529,51.601636
86077.000000,4.998935,2.419400,2.579535,51.601688
86128.000000,4.998940,2.419400,2.579540,51.601739
86178.000000,4.998945,2.419400,2.579545,51.601790
86229.000000,4.998950,2.419400,2.579550,51.601841
86281.000000,4.998956,2.419400,2.579556,51.601891
86331.000000,4.998961,2.419400,2.579561,51.601942
86382.000000,4.998966,2.419400,2.579566,51.601992
86433.000000,4.998971,2.419400,2.579571,51.602042
86483.000000,4.998976,2.419400,2.579576,51.602091
86535.000000,4.998981,2.419400,2.579581,51.602140
86586.000000,4.998986,2.419400,2.579586,51.602190
86636.000000,4.998992,2.419400,2.579592,51.602238
86687.000000,4.998997,2.419400,2.579597,51.602287
86737.000000,4.999002,2.419400,2.579602,51.602335
86789.000000,4.999006,2.419400,2.579606,51.602383
86840.000000,4.999011,2.419400,2.579611,51.602431
86890.000000,4.999016,2.419400,2.579616,51.602479
86941.000000,4.999021,2.419400,2.579621,51.602526
86992.000000,4.999026,2.419400,2.579626,51.602573
87042.000000,4.999031,2.419400,2.579631,51.602620
87094.000000,4.999036,2.419400,2.579636,51.602667
87144.000000,4.999041,2.419400,2.579641,51.602713
87195.000000,4.999045,2.419400,2.579645,51.602760
87246.000000,4.999050,2.419400,2.579650,51.602806
87296.000000,4.999055,2.419400,2.579655,51.602851
87348.000000,4.999060,2.419400,2.579660,51.602897
87399.000000,4.999064,2.419400,2.579664,51.602942
87449.000000,4.999069,2.419400,2.579669,51.602987
87500.000000,4.999073,2.419400,2.579673,51.603032
87550.000000,4.999078,2.419400,2.579678,51.603077
87602.000000,4.999083,2.419400,2.579683,51.603121
87653.000000,4.999087,2.419400,2.579687,51.603165
87703.000000,4.999092,2.419400,2.579692,51.603209
87754.000000,4.999096,2.419400,2.579696,51.603253
87805.000000,4.999101,2.419400,2.579701,51.603296
87856.000000,4.999105,2.419400,2.579705,51.603340
87907.000000,4.999110,2.419400,2.579710,51.603383
87958.000000,4.999114,2.419400,2.579714,51.603426
88008.000000,4.999119,2.419400,2.579719,51.603468
88059.000000,4.999123,2.419400,2.579723,51.603511
88109.000000,4.999127,2.419400,2.579727,51.603553
88161.000000,4.999132,2.419400,2.579732,51.603595
88212.000000,4.999136,2.419400,2.579736,51.603637
88262.000000,4.999140,2.419400,2.579740,51.603679
88313.000000,4.999145,2.419400,2.579745,51.603720
88364.000000,4.999149,2.419400,2.579749,51.603761
88415.000000,4.999153,2.419400,2.579753,51.603802
88466.000000,4.999157,2.419400,2.579757,51.603843
88516.000000,4.999161,2.419400,2.579761,51.603884
88567.000000,4.999166,2.419400,2.579766,51.603924
88618.000000,4.999170,2.419400,2.579770,51.603964
88669.000000,4.999174,2.419400,2.579774,51.604004
88720.000000,4.999178,2.419400,2.579778,51.604044
88771.000000,4.999182,2.419400,2.579782,51.604084
88821.000000,4.999186,2.419400,2.579786,51.604123
88872.000000,4.999190,2.419400,2.579790,51.604162
88924.000000,4.999194,2.414500,2.584694,51.702217
88974.000000,4.999198,2.414500,2.584698,51.702256
89025.000000,4.999202,2.414500,2.584702,51.702294
89075.000000,4.999206,2.414500,2.584706,51.702332
89126.000000,4.999210,2.414500,2.584710,51.702371
89178.000000,4.999214,2.414500,2.584714,51.702409
89228.000000,4.999218,2.414500,2.584718,51.702446
89279.000000,4.999222,2.414500,2.584722,51.702484
89330.000000,4.999226,2.414500,2.584726,51.702521
89380.000000,4.999230,2.414500,2.584730,51.702559
89431.000000,4.999233,2.419400,2.579833,51.604581
89482.000000,4.999237,2.419400,2.579837,51.604618
89533.000000,4.999241,2.419400,2.579841,51.604654
89584.000000,4.999245,2.419400,2.579845,51.604691
89634.000000,4.999249,2.419400,2.579849,51.604727
89685.000000,4.999252,2.419400,2.579852,51.604763
89737.000000,4.999256,2.414500,2.584756,51.702814
89787.000000,4.999260,2.419400,2.579860,51.604835
89838.000000,4.999263,2.414500,2.584763,51.702885
89888.000000,4.999267,2.414500,2.584767,51.702921
89939.000000,4.999271,2.414500,2.584771,51.702956
89991.000000,4.999274,2.414500,2.584774,51.702991
